date,time,height
01/01/2016,01:47,3.62
01/01/2016,07:00,2.15
01/01/2016,13:57,3.79
01/01/2016,19:57,1.86
02/01/2016,02:38,3.51
02/01/2016,07:53,2.33
02/01/2016,14:51,3.65
02/01/2016,21:02,2.01
03/01/2016,03:38,3.45
03/01/2016,09:08,2.44
03/01/2016,15:56,3.56
03/01/2016,22:15,2.06
04/01/2016,04:44,3.47
04/01/2016,10:40,2.42
04/01/2016,17:07,3.54
04/01/2016,23:23,2.01
05/01/2016,05:50,3.55
05/01/2016,11:53,2.26
05/01/2016,18:13,3.6
06/01/2016,00:17,1.9
06/01/2016,06:44,3.69
06/01/2016,12:46,2.05
06/01/2016,19:08,3.71
07/01/2016,01:02,1.77
07/01/2016,07:32,3.84
07/01/2016,13:29,1.81
07/01/2016,19:56,3.84
08/01/2016,01:41,1.61
08/01/2016,08:14,4
08/01/2016,14:07,1.56
08/01/2016,20:40,3.96
09/01/2016,02:19,1.46
09/01/2016,08:54,4.15
09/01/2016,14:45,1.32
09/01/2016,21:21,4.08
10/01/2016,02:57,1.33
10/01/2016,09:34,4.27
10/01/2016,15:24,1.1
10/01/2016,22:03,4.16
11/01/2016,03:36,1.23
11/01/2016,10:14,4.36
11/01/2016,16:04,0.93
11/01/2016,22:44,4.19
12/01/2016,04:17,1.19
12/01/2016,10:53,4.41
12/01/2016,16:46,0.85
12/01/2016,23:26,4.18
13/01/2016,04:58,1.22
13/01/2016,11:35,4.4
13/01/2016,17:29,0.86
14/01/2016,00:10,4.11
14/01/2016,05:41,1.33
14/01/2016,12:17,4.34
14/01/2016,18:14,0.96
15/01/2016,00:55,4
15/01/2016,06:26,1.49
15/01/2016,13:04,4.23
15/01/2016,19:04,1.15
16/01/2016,01:46,3.86
16/01/2016,07:17,1.69
16/01/2016,13:56,4.08
16/01/2016,20:02,1.37
17/01/2016,02:44,3.74
17/01/2016,08:19,1.88
17/01/2016,14:58,3.93
17/01/2016,21:13,1.58
18/01/2016,03:53,3.67
18/01/2016,09:38,1.99
18/01/2016,16:11,3.82
18/01/2016,22:32,1.7
19/01/2016,05:06,3.69
19/01/2016,11:05,1.94
19/01/2016,17:29,3.81
19/01/2016,23:47,1.7
20/01/2016,06:16,3.79
20/01/2016,12:20,1.74
20/01/2016,18:41,3.87
21/01/2016,00:48,1.63
21/01/2016,07:16,3.95
21/01/2016,13:17,1.49
21/01/2016,19:43,3.97
22/01/2016,01:37,1.53
22/01/2016,08:08,4.1
22/01/2016,14:05,1.25
22/01/2016,20:35,4.05
23/01/2016,02:19,1.44
23/01/2016,08:54,4.24
23/01/2016,14:48,1.06
23/01/2016,21:21,4.11
24/01/2016,02:58,1.37
24/01/2016,09:37,4.32
24/01/2016,15:28,0.94
24/01/2016,22:03,4.12
25/01/2016,03:35,1.33
25/01/2016,10:16,4.36
25/01/2016,16:06,0.91
25/01/2016,22:41,4.09
26/01/2016,04:09,1.33
26/01/2016,10:53,4.34
26/01/2016,16:42,0.95
26/01/2016,23:18,4.03
27/01/2016,04:43,1.39
27/01/2016,11:29,4.26
27/01/2016,17:17,1.07
27/01/2016,23:53,3.93
28/01/2016,05:15,1.49
28/01/2016,12:04,4.15
28/01/2016,17:50,1.24
29/01/2016,00:28,3.82
29/01/2016,05:47,1.64
29/01/2016,12:38,4
29/01/2016,18:24,1.44
30/01/2016,01:05,3.69
30/01/2016,06:22,1.81
30/01/2016,13:16,3.84
30/01/2016,19:02,1.67
31/01/2016,01:45,3.57
31/01/2016,07:02,2.01
31/01/2016,13:59,3.67
31/01/2016,19:50,1.89
01/02/2016,02:33,3.47
01/02/2016,07:56,2.22
01/02/2016,14:55,3.52
01/02/2016,20:56,2.07
02/02/2016,03:34,3.4
02/02/2016,09:16,2.35
02/02/2016,16:04,3.43
02/02/2016,22:17,2.13
03/02/2016,04:44,3.41
03/02/2016,10:57,2.31
03/02/2016,17:21,3.43
03/02/2016,23:35,2.06
04/02/2016,05:55,3.51
04/02/2016,12:14,2.09
04/02/2016,18:32,3.54
05/02/2016,00:32,1.89
05/02/2016,06:55,3.67
05/02/2016,13:05,1.8
05/02/2016,19:29,3.7
06/02/2016,01:18,1.68
06/02/2016,07:45,3.87
06/02/2016,13:47,1.48
06/02/2016,20:17,3.88
07/02/2016,01:59,1.44
07/02/2016,08:30,4.07
07/02/2016,14:27,1.15
07/02/2016,21:02,4.05
08/02/2016,02:40,1.21
08/02/2016,09:13,4.26
08/02/2016,15:07,0.84
08/02/2016,21:45,4.19
09/02/2016,03:20,1.02
09/02/2016,09:56,4.41
09/02/2016,15:48,0.61
09/02/2016,22:27,4.27
10/02/2016,04:01,0.9
10/02/2016,10:38,4.5
10/02/2016,16:30,0.49
10/02/2016,23:10,4.28
11/02/2016,04:42,0.88
11/02/2016,11:19,4.52
11/02/2016,17:12,0.52
11/02/2016,23:52,4.21
12/02/2016,05:23,0.97
12/02/2016,12:02,4.45
12/02/2016,17:56,0.68
13/02/2016,00:35,4.08
13/02/2016,06:07,1.14
13/02/2016,12:47,4.3
13/02/2016,18:41,0.96
14/02/2016,01:22,3.91
14/02/2016,06:54,1.38
14/02/2016,13:37,4.09
14/02/2016,19:34,1.31
15/02/2016,02:15,3.74
15/02/2016,07:52,1.65
15/02/2016,14:37,3.87
15/02/2016,20:40,1.65
16/02/2016,03:21,3.6
16/02/2016,09:12,1.86
16/02/2016,15:52,3.68
16/02/2016,22:08,1.88
17/02/2016,04:38,3.56
17/02/2016,10:51,1.88
17/02/2016,17:17,3.62
17/02/2016,23:35,1.91
18/02/2016,05:56,3.64
18/02/2016,12:12,1.69
18/02/2016,18:33,3.67
19/02/2016,00:39,1.81
19/02/2016,07:01,3.79
19/02/2016,13:10,1.44
19/02/2016,19:35,3.78
20/02/2016,01:27,1.66
20/02/2016,07:54,3.96
20/02/2016,13:56,1.21
20/02/2016,20:24,3.89
21/02/2016,02:07,1.51
21/02/2016,08:40,4.1
21/02/2016,14:35,1.03
21/02/2016,21:07,3.97
22/02/2016,02:42,1.37
22/02/2016,09:20,4.2
22/02/2016,15:10,0.91
22/02/2016,21:44,4.02
23/02/2016,03:15,1.25
23/02/2016,09:57,4.25
23/02/2016,15:44,0.85
23/02/2016,22:20,4.03
24/02/2016,03:47,1.18
24/02/2016,10:32,4.25
24/02/2016,16:16,0.86
24/02/2016,22:53,4.01
25/02/2016,04:20,1.18
25/02/2016,11:05,4.2
25/02/2016,16:47,0.94
25/02/2016,23:25,3.95
26/02/2016,04:50,1.24
26/02/2016,11:37,4.11
26/02/2016,17:18,1.08
26/02/2016,23:56,3.87
27/02/2016,05:20,1.35
27/02/2016,12:09,3.98
27/02/2016,17:49,1.27
28/02/2016,00:29,3.76
28/02/2016,05:52,1.51
28/02/2016,12:43,3.82
28/02/2016,18:22,1.49
29/02/2016,01:03,3.64
29/02/2016,06:27,1.71
29/02/2016,13:21,3.66
29/02/2016,19:01,1.74
01/03/2016,01:45,3.52
01/03/2016,07:11,1.93
01/03/2016,14:09,3.49
01/03/2016,19:53,1.98
02/03/2016,02:38,3.41
02/03/2016,08:14,2.13
02/03/2016,15:13,3.36
02/03/2016,21:11,2.15
03/03/2016,03:44,3.35
03/03/2016,09:55,2.19
03/03/2016,16:33,3.32
03/03/2016,22:46,2.13
04/03/2016,05:02,3.39
04/03/2016,11:34,2.01
04/03/2016,17:55,3.42
05/03/2016,00:01,1.95
05/03/2016,06:14,3.54
05/03/2016,12:36,1.69
05/03/2016,19:00,3.61
06/03/2016,00:53,1.68
06/03/2016,07:14,3.76
06/03/2016,13:23,1.31
06/03/2016,19:53,3.83
07/03/2016,01:38,1.37
07/03/2016,08:04,4
07/03/2016,14:05,0.93
07/03/2016,20:39,4.05
08/03/2016,02:20,1.07
08/03/2016,08:50,4.24
08/03/2016,14:47,0.59
08/03/2016,21:24,4.22
09/03/2016,03:01,0.82
09/03/2016,09:35,4.43
09/03/2016,15:28,0.34
09/03/2016,22:07,4.33
10/03/2016,03:42,0.65
10/03/2016,10:18,4.54
10/03/2016,16:10,0.25
10/03/2016,22:50,4.35
11/03/2016,04:24,0.6
11/03/2016,11:02,4.56
11/03/2016,16:53,0.32
11/03/2016,23:32,4.28
12/03/2016,05:06,0.67
12/03/2016,11:45,4.47
12/03/2016,17:35,0.57
13/03/2016,00:14,4.14
13/03/2016,05:49,0.86
13/03/2016,12:31,4.28
13/03/2016,18:19,0.93
14/03/2016,00:59,3.95
14/03/2016,06:36,1.14
14/03/2016,13:20,4.03
14/03/2016,19:08,1.36
15/03/2016,01:50,3.75
15/03/2016,07:33,1.45
15/03/2016,14:20,3.75
15/03/2016,20:11,1.77
16/03/2016,02:53,3.57
16/03/2016,08:56,1.7
16/03/2016,15:37,3.54
16/03/2016,21:45,2.03
17/03/2016,04:11,3.49
17/03/2016,10:38,1.74
17/03/2016,17:04,3.47
17/03/2016,23:20,2.05
18/03/2016,05:33,3.54
18/03/2016,11:59,1.58
18/03/2016,18:21,3.54
19/03/2016,00:26,1.91
19/03/2016,06:41,3.67
19/03/2016,12:55,1.36
19/03/2016,19:20,3.65
20/03/2016,01:12,1.72
20/03/2016,07:35,3.83
20/03/2016,13:38,1.17
20/03/2016,20:06,3.77
21/03/2016,01:49,1.53
21/03/2016,08:20,3.95
21/03/2016,14:14,1.03
21/03/2016,20:46,3.87
22/03/2016,02:22,1.35
22/03/2016,08:59,4.05
22/03/2016,14:46,0.91
22/03/2016,21:21,3.94
23/03/2016,02:53,1.2
23/03/2016,09:34,4.1
23/03/2016,15:17,0.84
23/03/2016,21:54,3.98
24/03/2016,03:25,1.09
24/03/2016,10:08,4.12
24/03/2016,15:48,0.84
24/03/2016,22:26,3.99
25/03/2016,03:56,1.05
25/03/2016,10:41,4.09
25/03/2016,16:19,0.9
25/03/2016,22:57,3.97
26/03/2016,04:26,1.08
26/03/2016,11:12,4.01
26/03/2016,16:48,1.02
26/03/2016,23:27,3.9
27/03/2016,04:56,1.17
27/03/2016,11:43,3.91
27/03/2016,17:18,1.2
27/03/2016,23:57,3.82
28/03/2016,05:28,1.3
28/03/2016,12:16,3.77
28/03/2016,17:50,1.4
29/03/2016,00:30,3.72
29/03/2016,06:02,1.47
29/03/2016,12:53,3.63
29/03/2016,18:26,1.63
30/03/2016,01:09,3.6
30/03/2016,06:43,1.67
30/03/2016,13:39,3.47
30/03/2016,19:12,1.88
31/03/2016,01:57,3.48
31/03/2016,07:40,1.86
31/03/2016,14:39,3.35
31/03/2016,20:22,2.08
01/04/2016,03:00,3.38
01/04/2016,09:09,1.95
01/04/2016,15:56,3.3
01/04/2016,21:59,2.12
02/04/2016,04:16,3.38
02/04/2016,10:48,1.81
02/04/2016,17:19,3.38
02/04/2016,23:23,1.95
03/04/2016,05:32,3.49
03/04/2016,12:00,1.51
03/04/2016,18:29,3.57
04/04/2016,00:24,1.66
04/04/2016,06:38,3.7
04/04/2016,12:53,1.13
04/04/2016,19:25,3.81
05/04/2016,01:13,1.33
05/04/2016,07:35,3.95
05/04/2016,13:38,0.76
05/04/2016,20:14,4.04
06/04/2016,01:57,1
06/04/2016,08:24,4.2
06/04/2016,14:23,0.45
06/04/2016,21:00,4.23
07/04/2016,02:40,0.71
07/04/2016,09:11,4.4
07/04/2016,15:05,0.25
07/04/2016,21:44,4.34
08/04/2016,03:23,0.52
08/04/2016,09:58,4.51
08/04/2016,15:48,0.22
08/04/2016,22:27,4.37
09/04/2016,04:05,0.45
09/04/2016,10:43,4.51
09/04/2016,16:31,0.35
09/04/2016,23:10,4.31
10/04/2016,04:49,0.51
10/04/2016,11:29,4.4
10/04/2016,17:14,0.64
10/04/2016,23:53,4.17
11/04/2016,05:34,0.7
11/04/2016,12:16,4.19
11/04/2016,17:58,1.03
12/04/2016,00:38,3.99
12/04/2016,06:22,0.97
12/04/2016,13:07,3.93
12/04/2016,18:45,1.46
13/04/2016,01:27,3.79
13/04/2016,07:20,1.28
13/04/2016,14:06,3.66
13/04/2016,19:44,1.86
14/04/2016,02:26,3.6
14/04/2016,08:41,1.53
14/04/2016,15:20,3.46
14/04/2016,21:16,2.11
15/04/2016,03:41,3.49
15/04/2016,10:15,1.6
15/04/2016,16:42,3.39
15/04/2016,22:50,2.13
16/04/2016,05:02,3.49
16/04/2016,11:32,1.51
16/04/2016,17:56,3.44
16/04/2016,23:59,1.98
17/04/2016,06:11,3.58
17/04/2016,12:28,1.36
17/04/2016,18:53,3.55
18/04/2016,00:47,1.78
18/04/2016,07:06,3.69
18/04/2016,13:10,1.22
18/04/2016,19:39,3.67
19/04/2016,01:24,1.59
19/04/2016,07:52,3.8
19/04/2016,13:45,1.1
19/04/2016,20:18,3.78
20/04/2016,01:57,1.4
20/04/2016,08:32,3.89
20/04/2016,14:17,1.01
20/04/2016,20:53,3.87
21/04/2016,02:29,1.23
21/04/2016,09:08,3.95
21/04/2016,14:48,0.94
21/04/2016,21:27,3.94
22/04/2016,03:01,1.11
22/04/2016,09:43,3.98
22/04/2016,15:20,0.92
22/04/2016,21:59,3.97
23/04/2016,03:33,1.04
23/04/2016,10:16,3.97
23/04/2016,15:50,0.97
23/04/2016,22:30,3.97
24/04/2016,04:05,1.04
24/04/2016,10:49,3.92
24/04/2016,16:22,1.07
24/04/2016,23:01,3.94
25/04/2016,04:36,1.09
25/04/2016,11:21,3.84
25/04/2016,16:53,1.21
25/04/2016,23:32,3.88
26/04/2016,05:09,1.18
26/04/2016,11:56,3.74
26/04/2016,17:26,1.38
27/04/2016,00:05,3.79
27/04/2016,05:45,1.3
27/04/2016,12:33,3.62
27/04/2016,18:03,1.57
28/04/2016,00:44,3.7
28/04/2016,06:28,1.45
28/04/2016,13:19,3.5
28/04/2016,18:50,1.78
29/04/2016,01:31,3.59
29/04/2016,07:23,1.59
29/04/2016,14:16,3.4
29/04/2016,19:53,1.96
30/04/2016,02:29,3.49
30/04/2016,08:40,1.66
30/04/2016,15:27,3.36
30/04/2016,21:20,2.02
01/05/2016,03:40,3.46
01/05/2016,10:08,1.57
01/05/2016,16:45,3.43
01/05/2016,22:43,1.9
02/05/2016,04:54,3.54
02/05/2016,11:21,1.33
02/05/2016,17:56,3.59
02/05/2016,23:50,1.65
03/05/2016,06:03,3.71
03/05/2016,12:20,1.03
03/05/2016,18:55,3.8
04/05/2016,00:44,1.34
04/05/2016,07:05,3.93
04/05/2016,13:11,0.74
04/05/2016,19:47,4.01
05/05/2016,01:32,1.02
05/05/2016,07:59,4.15
05/05/2016,13:58,0.51
05/05/2016,20:35,4.19
06/05/2016,02:19,0.74
06/05/2016,08:50,4.32
06/05/2016,14:43,0.39
06/05/2016,21:21,4.3
07/05/2016,03:04,0.54
07/05/2016,09:38,4.41
07/05/2016,15:27,0.4
07/05/2016,22:06,4.34
08/05/2016,03:49,0.44
08/05/2016,10:26,4.4
08/05/2016,16:11,0.56
08/05/2016,22:50,4.31
09/05/2016,04:35,0.48
09/05/2016,11:14,4.28
09/05/2016,16:55,0.83
09/05/2016,23:34,4.2
10/05/2016,05:21,0.63
10/05/2016,12:02,4.09
10/05/2016,17:38,1.18
11/05/2016,00:18,4.05
11/05/2016,06:10,0.88
11/05/2016,12:53,3.86
11/05/2016,18:24,1.54
12/05/2016,01:06,3.87
12/05/2016,07:06,1.15
12/05/2016,13:48,3.63
12/05/2016,19:17,1.86
13/05/2016,02:01,3.69
13/05/2016,08:18,1.39
13/05/2016,14:53,3.45
13/05/2016,20:30,2.09
14/05/2016,03:06,3.55
14/05/2016,09:37,1.52
14/05/2016,16:05,3.36
14/05/2016,22:00,2.16
15/05/2016,04:20,3.49
15/05/2016,10:50,1.53
15/05/2016,17:15,3.38
15/05/2016,23:14,2.07
16/05/2016,05:29,3.5
16/05/2016,11:48,1.47
16/05/2016,18:14,3.46
17/05/2016,00:10,1.9
17/05/2016,06:29,3.57
17/05/2016,12:34,1.37
17/05/2016,19:04,3.58
18/05/2016,00:53,1.71
18/05/2016,07:18,3.66
18/05/2016,13:12,1.28
18/05/2016,19:45,3.69
19/05/2016,01:30,1.53
19/05/2016,08:02,3.74
19/05/2016,13:47,1.19
19/05/2016,20:23,3.8
20/05/2016,02:05,1.36
20/05/2016,08:41,3.81
20/05/2016,14:20,1.12
20/05/2016,20:59,3.89
21/05/2016,02:38,1.22
21/05/2016,09:17,3.86
21/05/2016,14:53,1.09
21/05/2016,21:32,3.95
22/05/2016,03:12,1.12
22/05/2016,09:53,3.88
22/05/2016,15:26,1.1
22/05/2016,22:05,3.98
23/05/2016,03:46,1.06
23/05/2016,10:28,3.87
23/05/2016,15:59,1.15
23/05/2016,22:38,3.98
24/05/2016,04:20,1.05
24/05/2016,11:03,3.82
24/05/2016,16:33,1.24
24/05/2016,23:11,3.95
25/05/2016,04:56,1.08
25/05/2016,11:40,3.76
25/05/2016,17:09,1.35
25/05/2016,23:47,3.9
26/05/2016,05:35,1.14
26/05/2016,12:20,3.68
26/05/2016,17:49,1.49
27/05/2016,00:26,3.83
27/05/2016,06:18,1.23
27/05/2016,13:05,3.6
27/05/2016,18:35,1.65
28/05/2016,01:12,3.74
28/05/2016,07:11,1.32
28/05/2016,13:58,3.52
28/05/2016,19:32,1.8
29/05/2016,02:07,3.66
29/05/2016,08:17,1.39
29/05/2016,15:02,3.48
29/05/2016,20:45,1.88
30/05/2016,03:11,3.61
30/05/2016,09:32,1.36
30/05/2016,16:13,3.51
30/05/2016,22:03,1.83
31/05/2016,04:22,3.64
31/05/2016,10:44,1.24
31/05/2016,17:22,3.61
31/05/2016,23:14,1.66
01/06/2016,05:32,3.74
01/06/2016,11:49,1.07
01/06/2016,18:26,3.77
02/06/2016,00:17,1.41
02/06/2016,06:38,3.9
02/06/2016,12:46,0.89
02/06/2016,19:21,3.95
03/06/2016,01:11,1.13
03/06/2016,07:37,4.06
03/06/2016,13:36,0.75
03/06/2016,20:13,4.11
04/06/2016,02:01,0.86
04/06/2016,08:32,4.2
04/06/2016,14:24,0.68
04/06/2016,21:01,4.23
05/06/2016,02:49,0.65
05/06/2016,09:23,4.27
05/06/2016,15:09,0.71
05/06/2016,21:47,4.3
06/06/2016,03:35,0.53
06/06/2016,10:12,4.26
06/06/2016,15:53,0.83
06/06/2016,22:32,4.3
07/06/2016,04:22,0.53
07/06/2016,11:00,4.18
07/06/2016,16:37,1.02
07/06/2016,23:16,4.24
08/06/2016,05:08,0.63
08/06/2016,11:47,4.03
08/06/2016,17:19,1.27
09/06/2016,00:00,4.12
09/06/2016,05:56,0.82
09/06/2016,12:35,3.85
09/06/2016,18:02,1.52
10/06/2016,00:44,3.97
10/06/2016,06:45,1.06
10/06/2016,13:23,3.66
10/06/2016,18:46,1.77
11/06/2016,01:32,3.8
11/06/2016,07:41,1.3
11/06/2016,14:17,3.49
11/06/2016,19:38,1.98
12/06/2016,02:26,3.64
12/06/2016,08:44,1.5
12/06/2016,15:16,3.38
12/06/2016,20:47,2.12
13/06/2016,03:29,3.52
13/06/2016,09:51,1.62
13/06/2016,16:20,3.35
13/06/2016,22:08,2.14
14/06/2016,04:36,3.46
14/06/2016,10:55,1.64
14/06/2016,17:23,3.39
14/06/2016,23:20,2.05
15/06/2016,05:41,3.47
15/06/2016,11:50,1.59
15/06/2016,18:20,3.48
16/06/2016,00:17,1.89
16/06/2016,06:39,3.53
16/06/2016,12:35,1.51
16/06/2016,19:08,3.6
17/06/2016,01:01,1.71
17/06/2016,07:29,3.61
17/06/2016,13:16,1.43
17/06/2016,19:50,3.72
18/06/2016,01:41,1.52
18/06/2016,08:12,3.7
18/06/2016,13:53,1.34
18/06/2016,20:29,3.84
19/06/2016,02:17,1.35
19/06/2016,08:53,3.77
19/06/2016,14:28,1.27
19/06/2016,21:06,3.93
20/06/2016,02:53,1.19
20/06/2016,09:31,3.84
20/06/2016,15:03,1.22
20/06/2016,21:42,4.01
21/06/2016,03:29,1.07
21/06/2016,10:09,3.87
21/06/2016,15:39,1.2
21/06/2016,22:18,4.05
22/06/2016,04:05,0.98
22/06/2016,10:47,3.88
22/06/2016,16:17,1.21
22/06/2016,22:54,4.07
23/06/2016,04:44,0.93
23/06/2016,11:26,3.86
23/06/2016,16:56,1.25
23/06/2016,23:32,4.05
24/06/2016,05:24,0.93
24/06/2016,12:06,3.82
24/06/2016,17:36,1.34
25/06/2016,00:12,4.01
25/06/2016,06:08,0.98
25/06/2016,12:50,3.75
25/06/2016,18:21,1.46
26/06/2016,00:57,3.94
26/06/2016,06:56,1.07
26/06/2016,13:40,3.67
26/06/2016,19:12,1.6
27/06/2016,01:47,3.85
27/06/2016,07:53,1.18
27/06/2016,14:37,3.61
27/06/2016,20:14,1.72
28/06/2016,02:46,3.77
28/06/2016,09:01,1.26
28/06/2016,15:42,3.58
28/06/2016,21:27,1.77
29/06/2016,03:54,3.73
29/06/2016,10:12,1.29
29/06/2016,16:51,3.62
29/06/2016,22:43,1.7
30/06/2016,05:06,3.75
30/06/2016,11:23,1.26
30/06/2016,17:58,3.73
30/06/2016,23:55,1.52
01/07/2016,06:17,3.83
01/07/2016,12:26,1.18
01/07/2016,18:59,3.87
02/07/2016,00:56,1.27
02/07/2016,07:21,3.95
02/07/2016,13:21,1.09
02/07/2016,19:54,4.03
03/07/2016,01:49,1.01
03/07/2016,08:19,4.06
03/07/2016,14:10,1.03
03/07/2016,20:44,4.16
04/07/2016,02:38,0.78
04/07/2016,09:11,4.13
04/07/2016,14:55,1.01
04/07/2016,21:32,4.26
05/07/2016,03:24,0.64
05/07/2016,10:00,4.15
05/07/2016,15:38,1.05
05/07/2016,22:16,4.3
06/07/2016,04:08,0.59
06/07/2016,10:46,4.11
06/07/2016,16:18,1.13
06/07/2016,22:59,4.28
07/07/2016,04:52,0.65
07/07/2016,11:29,4.01
07/07/2016,16:58,1.27
07/07/2016,23:40,4.2
08/07/2016,05:34,0.8
08/07/2016,12:11,3.88
08/07/2016,17:35,1.44
09/07/2016,00:20,4.07
09/07/2016,06:15,1.01
09/07/2016,12:53,3.73
09/07/2016,18:12,1.62
10/07/2016,01:02,3.91
10/07/2016,06:57,1.25
10/07/2016,13:35,3.58
10/07/2016,18:53,1.81
11/07/2016,01:46,3.74
11/07/2016,07:44,1.49
11/07/2016,14:23,3.46
11/07/2016,19:41,2
12/07/2016,02:36,3.58
12/07/2016,08:40,1.69
12/07/2016,15:18,3.38
12/07/2016,20:47,2.14
13/07/2016,03:36,3.45
13/07/2016,09:47,1.81
13/07/2016,16:20,3.36
13/07/2016,22:13,2.18
14/07/2016,04:45,3.4
14/07/2016,10:57,1.84
14/07/2016,17:26,3.41
14/07/2016,23:34,2.07
15/07/2016,05:54,3.42
15/07/2016,11:57,1.78
15/07/2016,18:26,3.52
16/07/2016,00:32,1.89
16/07/2016,06:54,3.51
16/07/2016,12:46,1.67
16/07/2016,19:16,3.65
17/07/2016,01:17,1.67
17/07/2016,07:44,3.62
17/07/2016,13:28,1.55
17/07/2016,20:00,3.79
18/07/2016,01:56,1.45
18/07/2016,08:28,3.74
18/07/2016,14:06,1.42
18/07/2016,20:41,3.93
19/07/2016,02:34,1.22
19/07/2016,09:09,3.85
19/07/2016,14:44,1.28
19/07/2016,21:20,4.06
20/07/2016,03:11,1.01
20/07/2016,09:50,3.95
20/07/2016,15:21,1.17
20/07/2016,21:59,4.16
21/07/2016,03:49,0.84
21/07/2016,10:29,4.01
21/07/2016,16:00,1.1
21/07/2016,22:37,4.22
22/07/2016,04:29,0.72
22/07/2016,11:10,4.03
22/07/2016,16:40,1.08
22/07/2016,23:17,4.24
23/07/2016,05:09,0.69
23/07/2016,11:50,4
23/07/2016,17:21,1.13
23/07/2016,23:57,4.22
24/07/2016,05:52,0.75
24/07/2016,12:33,3.93
24/07/2016,18:04,1.25
25/07/2016,00:41,4.14
25/07/2016,06:38,0.88
25/07/2016,13:19,3.83
25/07/2016,18:51,1.41
26/07/2016,01:29,4.02
26/07/2016,07:29,1.08
26/07/2016,14:11,3.72
26/07/2016,19:47,1.6
27/07/2016,02:24,3.88
27/07/2016,08:31,1.31
27/07/2016,15:13,3.64
27/07/2016,20:57,1.74
28/07/2016,03:32,3.76
28/07/2016,09:45,1.48
28/07/2016,16:23,3.61
28/07/2016,22:21,1.76
29/07/2016,04:48,3.7
29/07/2016,11:05,1.56
29/07/2016,17:36,3.68
29/07/2016,23:44,1.62
30/07/2016,06:05,3.74
30/07/2016,12:15,1.52
30/07/2016,18:43,3.81
31/07/2016,00:49,1.37
31/07/2016,07:13,3.84
31/07/2016,13:11,1.42
31/07/2016,19:41,3.98
01/08/2016,01:42,1.1
01/08/2016,08:11,3.96
01/08/2016,13:59,1.32
01/08/2016,20:31,4.13
02/08/2016,02:29,0.88
02/08/2016,09:01,4.04
02/08/2016,14:41,1.24
02/08/2016,21:17,4.25
03/08/2016,03:11,0.72
03/08/2016,09:46,4.09
03/08/2016,15:20,1.18
03/08/2016,21:59,4.31
04/08/2016,03:51,0.66
04/08/2016,10:27,4.08
04/08/2016,15:57,1.18
04/08/2016,22:39,4.31
05/08/2016,04:29,0.69
05/08/2016,11:06,4.03
05/08/2016,16:33,1.22
05/08/2016,23:17,4.25
06/08/2016,05:06,0.81
06/08/2016,11:43,3.94
06/08/2016,17:07,1.33
06/08/2016,23:53,4.14
07/08/2016,05:41,1
07/08/2016,12:19,3.83
07/08/2016,17:40,1.48
08/08/2016,00:29,3.99
08/08/2016,06:15,1.23
08/08/2016,12:56,3.7
08/08/2016,18:14,1.66
09/08/2016,01:07,3.82
09/08/2016,06:52,1.48
09/08/2016,13:35,3.58
09/08/2016,18:53,1.86
10/08/2016,01:50,3.64
10/08/2016,07:35,1.73
10/08/2016,14:20,3.47
10/08/2016,19:44,2.07
11/08/2016,02:41,3.48
11/08/2016,08:35,1.95
11/08/2016,15:17,3.4
11/08/2016,21:00,2.23
12/08/2016,03:48,3.37
12/08/2016,09:55,2.07
12/08/2016,16:25,3.39
12/08/2016,22:43,2.21
13/08/2016,05:05,3.35
13/08/2016,11:16,2.04
13/08/2016,17:36,3.46
14/08/2016,00:02,2.03
14/08/2016,06:18,3.44
14/08/2016,12:17,1.91
14/08/2016,18:38,3.6
15/08/2016,00:53,1.77
15/08/2016,07:16,3.58
15/08/2016,13:04,1.72
15/08/2016,19:29,3.77
16/08/2016,01:35,1.48
16/08/2016,08:03,3.75
16/08/2016,13:44,1.51
16/08/2016,20:14,3.95
17/08/2016,02:13,1.18
17/08/2016,08:47,3.92
17/08/2016,14:23,1.3
17/08/2016,20:56,4.14
18/08/2016,02:50,0.9
18/08/2016,09:28,4.07
18/08/2016,15:02,1.1
18/08/2016,21:36,4.29
19/08/2016,03:29,0.66
19/08/2016,10:09,4.18
19/08/2016,15:41,0.96
19/08/2016,22:17,4.4
20/08/2016,04:09,0.52
20/08/2016,10:50,4.22
20/08/2016,16:21,0.9
20/08/2016,22:58,4.44
21/08/2016,04:50,0.49
21/08/2016,11:31,4.2
21/08/2016,17:02,0.94
21/08/2016,23:39,4.41
22/08/2016,05:32,0.6
22/08/2016,12:13,4.11
22/08/2016,17:44,1.07
23/08/2016,00:23,4.3
23/08/2016,06:16,0.83
23/08/2016,12:57,3.98
23/08/2016,18:30,1.27
24/08/2016,01:11,4.13
24/08/2016,07:04,1.15
24/08/2016,13:47,3.83
24/08/2016,19:23,1.52
25/08/2016,02:06,3.92
25/08/2016,08:04,1.5
25/08/2016,14:47,3.69
25/08/2016,20:35,1.74
26/08/2016,03:15,3.73
26/08/2016,09:23,1.78
26/08/2016,15:59,3.61
26/08/2016,22:11,1.81
27/08/2016,04:38,3.64
27/08/2016,10:55,1.89
27/08/2016,17:19,3.66
27/08/2016,23:39,1.66
28/08/2016,06:00,3.68
28/08/2016,12:09,1.82
28/08/2016,18:29,3.8
29/08/2016,00:44,1.4
29/08/2016,07:07,3.79
29/08/2016,13:04,1.68
29/08/2016,19:27,3.97
30/08/2016,01:34,1.15
30/08/2016,08:02,3.92
30/08/2016,13:47,1.52
30/08/2016,20:17,4.13
31/08/2016,02:16,0.96
31/08/2016,08:47,4.01
31/08/2016,14:25,1.38
31/08/2016,20:59,4.24
01/09/2016,02:53,0.83
01/09/2016,09:28,4.08
01/09/2016,15:00,1.27
01/09/2016,21:39,4.31
02/09/2016,03:29,0.77
02/09/2016,10:05,4.1
02/09/2016,15:34,1.2
02/09/2016,22:16,4.31
03/09/2016,04:02,0.79
03/09/2016,10:40,4.08
03/09/2016,16:07,1.2
03/09/2016,22:51,4.27
04/09/2016,04:35,0.88
04/09/2016,11:13,4.03
04/09/2016,16:38,1.26
04/09/2016,23:25,4.17
05/09/2016,05:06,1.05
05/09/2016,11:46,3.95
05/09/2016,17:10,1.39
05/09/2016,23:58,4.03
06/09/2016,05:37,1.27
06/09/2016,12:18,3.84
06/09/2016,17:41,1.56
07/09/2016,00:32,3.87
07/09/2016,06:10,1.51
07/09/2016,12:53,3.72
07/09/2016,18:17,1.76
08/09/2016,01:11,3.7
08/09/2016,06:47,1.78
08/09/2016,13:33,3.6
08/09/2016,19:00,1.99
09/09/2016,01:58,3.52
09/09/2016,07:36,2.04
09/09/2016,14:23,3.49
09/09/2016,20:02,2.2
10/09/2016,03:00,3.39
10/09/2016,08:51,2.24
10/09/2016,15:28,3.43
10/09/2016,21:46,2.27
11/09/2016,04:19,3.34
11/09/2016,10:29,2.26
11/09/2016,16:44,3.45
11/09/2016,23:25,2.1
12/09/2016,05:41,3.42
12/09/2016,11:45,2.11
12/09/2016,17:56,3.58
13/09/2016,00:24,1.81
13/09/2016,06:45,3.6
13/09/2016,12:38,1.87
13/09/2016,18:54,3.77
14/09/2016,01:08,1.47
14/09/2016,07:35,3.81
14/09/2016,13:20,1.59
14/09/2016,19:44,3.99
15/09/2016,01:47,1.12
15/09/2016,08:20,4.02
15/09/2016,14:00,1.31
15/09/2016,20:29,4.22
16/09/2016,02:26,0.8
16/09/2016,09:03,4.21
16/09/2016,14:40,1.05
16/09/2016,21:12,4.41
17/09/2016,03:06,0.54
17/09/2016,09:45,4.34
17/09/2016,15:20,0.86
17/09/2016,21:55,4.54
18/09/2016,03:47,0.41
18/09/2016,10:27,4.4
18/09/2016,16:01,0.78
18/09/2016,22:38,4.59
19/09/2016,04:28,0.43
19/09/2016,11:08,4.37
19/09/2016,16:43,0.81
19/09/2016,23:21,4.54
20/09/2016,05:10,0.62
20/09/2016,11:50,4.27
20/09/2016,17:26,0.95
21/09/2016,00:05,4.39
21/09/2016,05:53,0.94
21/09/2016,12:35,4.11
21/09/2016,18:11,1.19
22/09/2016,00:54,4.17
22/09/2016,06:41,1.34
22/09/2016,13:23,3.93
22/09/2016,19:06,1.48
23/09/2016,01:51,3.92
23/09/2016,07:39,1.76
23/09/2016,14:23,3.76
23/09/2016,20:23,1.74
24/09/2016,03:03,3.7
24/09/2016,09:05,2.09
24/09/2016,15:38,3.65
24/09/2016,22:04,1.81
25/09/2016,04:30,3.6
25/09/2016,10:44,2.17
25/09/2016,17:00,3.68
25/09/2016,23:30,1.66
26/09/2016,05:52,3.66
26/09/2016,11:59,2.05
26/09/2016,18:12,3.81
27/09/2016,00:32,1.44
27/09/2016,06:55,3.78
27/09/2016,12:50,1.87
27/09/2016,19:09,3.97
28/09/2016,01:18,1.24
28/09/2016,07:45,3.91
28/09/2016,13:31,1.68
28/09/2016,19:57,4.1
29/09/2016,01:56,1.09
29/09/2016,08:27,4.01
29/09/2016,14:05,1.51
29/09/2016,20:38,4.2
30/09/2016,02:29,0.99
30/09/2016,09:04,4.08
30/09/2016,14:38,1.37
30/09/2016,21:16,4.26
01/10/2016,03:02,0.94
01/10/2016,09:39,4.13
01/10/2016,15:10,1.27
01/10/2016,21:51,4.27
02/10/2016,03:33,0.95
02/10/2016,10:11,4.15
02/10/2016,15:41,1.23
02/10/2016,22:25,4.24
03/10/2016,04:04,1.03
03/10/2016,10:44,4.12
03/10/2016,16:13,1.27
03/10/2016,22:58,4.16
04/10/2016,04:34,1.17
04/10/2016,11:14,4.06
04/10/2016,16:44,1.37
04/10/2016,23:30,4.04
05/10/2016,05:04,1.36
05/10/2016,11:45,3.97
05/10/2016,17:15,1.52
06/10/2016,00:03,3.9
06/10/2016,05:35,1.59
06/10/2016,12:18,3.87
06/10/2016,17:50,1.7
07/10/2016,00:40,3.74
07/10/2016,06:10,1.84
07/10/2016,12:56,3.75
07/10/2016,18:30,1.9
08/10/2016,01:25,3.58
08/10/2016,06:54,2.1
08/10/2016,13:42,3.63
08/10/2016,19:25,2.1
09/10/2016,02:23,3.45
09/10/2016,07:59,2.32
09/10/2016,14:41,3.53
09/10/2016,20:53,2.21
10/10/2016,03:38,3.39
10/10/2016,09:37,2.4
10/10/2016,15:55,3.51
10/10/2016,22:36,2.09
11/10/2016,05:00,3.46
11/10/2016,11:05,2.26
11/10/2016,17:10,3.61
11/10/2016,23:45,1.8
12/10/2016,06:10,3.64
12/10/2016,12:05,1.99
12/10/2016,18:16,3.8
13/10/2016,00:35,1.46
13/10/2016,07:05,3.87
13/10/2016,12:52,1.68
13/10/2016,19:11,4.03
14/10/2016,01:18,1.1
14/10/2016,07:52,4.1
14/10/2016,13:35,1.36
14/10/2016,19:59,4.27
15/10/2016,01:59,0.79
15/10/2016,08:37,4.31
15/10/2016,14:17,1.07
15/10/2016,20:47,4.48
16/10/2016,02:41,0.56
16/10/2016,09:20,4.45
16/10/2016,14:59,0.86
16/10/2016,21:32,4.62
17/10/2016,03:23,0.47
17/10/2016,10:03,4.52
17/10/2016,15:41,0.74
17/10/2016,22:17,4.65
18/10/2016,04:06,0.55
18/10/2016,10:46,4.49
18/10/2016,16:24,0.76
18/10/2016,23:03,4.58
19/10/2016,04:49,0.79
19/10/2016,11:29,4.39
19/10/2016,17:09,0.9
19/10/2016,23:50,4.41
20/10/2016,05:32,1.15
20/10/2016,12:14,4.24
20/10/2016,17:57,1.13
21/10/2016,00:41,4.17
21/10/2016,06:20,1.57
21/10/2016,13:02,4.05
21/10/2016,18:53,1.43
22/10/2016,01:38,3.91
22/10/2016,07:17,1.98
22/10/2016,14:00,3.86
22/10/2016,20:11,1.69
23/10/2016,02:50,3.69
23/10/2016,08:41,2.29
23/10/2016,15:12,3.74
23/10/2016,21:47,1.78
24/10/2016,04:13,3.6
24/10/2016,10:20,2.36
24/10/2016,16:32,3.72
24/10/2016,23:07,1.7
25/10/2016,05:30,3.64
25/10/2016,11:35,2.24
25/10/2016,17:45,3.8
26/10/2016,00:08,1.55
26/10/2016,06:32,3.75
26/10/2016,12:27,2.05
26/10/2016,18:43,3.92
27/10/2016,00:53,1.41
27/10/2016,07:20,3.87
27/10/2016,13:08,1.86
27/10/2016,19:32,4.03
28/10/2016,01:29,1.31
28/10/2016,08:01,3.98
28/10/2016,13:42,1.68
28/10/2016,20:13,4.11
29/10/2016,02:02,1.23
29/10/2016,08:37,4.07
29/10/2016,14:14,1.52
29/10/2016,20:51,4.17
30/10/2016,02:33,1.18
30/10/2016,09:11,4.14
30/10/2016,14:46,1.4
30/10/2016,21:26,4.19
31/10/2016,03:05,1.17
31/10/2016,09:44,4.18
31/10/2016,15:18,1.33
31/10/2016,22:00,4.17
01/11/2016,03:35,1.22
01/11/2016,10:16,4.19
01/11/2016,15:50,1.33
01/11/2016,22:34,4.12
02/11/2016,04:06,1.33
02/11/2016,10:47,4.15
02/11/2016,16:23,1.39
02/11/2016,23:07,4.03
03/11/2016,04:38,1.48
03/11/2016,11:17,4.09
03/11/2016,16:55,1.49
03/11/2016,23:41,3.92
04/11/2016,05:09,1.66
04/11/2016,11:50,4
04/11/2016,17:30,1.62
05/11/2016,00:17,3.79
05/11/2016,05:44,1.87
05/11/2016,12:27,3.9
05/11/2016,18:11,1.78
06/11/2016,01:01,3.67
06/11/2016,06:27,2.09
06/11/2016,13:11,3.79
06/11/2016,19:02,1.94
07/11/2016,01:54,3.55
07/11/2016,07:24,2.29
07/11/2016,14:06,3.69
07/11/2016,20:13,2.03
08/11/2016,03:02,3.5
08/11/2016,08:47,2.39
08/11/2016,15:13,3.64
08/11/2016,21:43,1.98
09/11/2016,04:18,3.54
09/11/2016,10:14,2.31
09/11/2016,16:26,3.69
09/11/2016,22:59,1.76
10/11/2016,05:30,3.69
10/11/2016,11:24,2.09
10/11/2016,17:35,3.84
10/11/2016,23:57,1.47
11/11/2016,06:30,3.9
11/11/2016,12:20,1.79
11/11/2016,18:36,4.05
12/11/2016,00:47,1.17
12/11/2016,07:22,4.12
12/11/2016,13:08,1.47
12/11/2016,19:31,4.27
13/11/2016,01:33,0.91
13/11/2016,08:10,4.32
13/11/2016,13:53,1.17
13/11/2016,20:23,4.46
14/11/2016,02:18,0.74
14/11/2016,08:56,4.47
14/11/2016,14:38,0.93
14/11/2016,21:12,4.58
15/11/2016,03:02,0.69
15/11/2016,09:41,4.55
15/11/2016,15:24,0.78
15/11/2016,22:00,4.61
16/11/2016,03:47,0.79
16/11/2016,10:26,4.55
16/11/2016,16:10,0.76
16/11/2016,22:48,4.54
17/11/2016,04:30,1.01
17/11/2016,11:10,4.47
17/11/2016,16:56,0.86
17/11/2016,23:37,4.38
18/11/2016,05:14,1.33
18/11/2016,11:55,4.34
18/11/2016,17:46,1.07
19/11/2016,00:28,4.16
19/11/2016,06:01,1.69
19/11/2016,12:43,4.17
19/11/2016,18:41,1.33
20/11/2016,01:23,3.92
20/11/2016,06:52,2.04
20/11/2016,13:37,3.99
20/11/2016,19:50,1.58
21/11/2016,02:26,3.71
21/11/2016,07:59,2.32
21/11/2016,14:40,3.84
21/11/2016,21:11,1.75
22/11/2016,03:39,3.6
22/11/2016,09:29,2.44
22/11/2016,15:53,3.76
22/11/2016,22:27,1.79
23/11/2016,04:51,3.59
23/11/2016,10:50,2.39
23/11/2016,17:05,3.76
23/11/2016,23:30,1.74
24/11/2016,05:54,3.66
24/11/2016,11:52,2.24
24/11/2016,18:08,3.81
25/11/2016,00:19,1.66
25/11/2016,06:46,3.78
25/11/2016,12:38,2.05
25/11/2016,19:00,3.89
26/11/2016,00:59,1.57
26/11/2016,07:29,3.9
26/11/2016,13:17,1.87
26/11/2016,19:45,3.97
27/11/2016,01:33,1.49
27/11/2016,08:08,4.01
27/11/2016,13:51,1.7
27/11/2016,20:25,4.03
28/11/2016,02:06,1.43
28/11/2016,08:44,4.1
28/11/2016,14:25,1.55
28/11/2016,21:02,4.07
29/11/2016,02:39,1.39
29/11/2016,09:18,4.17
29/11/2016,14:59,1.45
29/11/2016,21:38,4.09
30/11/2016,03:11,1.4
30/11/2016,09:51,4.2
30/11/2016,15:32,1.39
30/11/2016,22:14,4.07
01/12/2016,03:44,1.44
01/12/2016,10:24,4.2
01/12/2016,16:05,1.38
01/12/2016,22:48,4.02
02/12/2016,04:17,1.53
02/12/2016,10:56,4.17
02/12/2016,16:40,1.42
02/12/2016,23:23,3.95
03/12/2016,04:51,1.65
03/12/2016,11:30,4.12
03/12/2016,17:17,1.48
04/12/2016,00:01,3.86
04/12/2016,05:28,1.79
04/12/2016,12:07,4.04
04/12/2016,17:57,1.57
05/12/2016,00:42,3.77
05/12/2016,06:09,1.94
05/12/2016,12:49,3.95
05/12/2016,18:44,1.68
06/12/2016,01:31,3.68
06/12/2016,06:59,2.1
06/12/2016,13:39,3.86
06/12/2016,19:43,1.77
07/12/2016,02:29,3.62
07/12/2016,08:04,2.22
07/12/2016,14:38,3.8
07/12/2016,20:56,1.78
08/12/2016,03:38,3.62
08/12/2016,09:23,2.24
08/12/2016,15:47,3.79
08/12/2016,22:11,1.69
09/12/2016,04:49,3.7
09/12/2016,10:39,2.12
09/12/2016,16:57,3.87
09/12/2016,23:19,1.52
10/12/2016,05:55,3.85
10/12/2016,11:46,1.88
10/12/2016,18:05,4.01
11/12/2016,00:18,1.31
11/12/2016,06:53,4.04
11/12/2016,12:44,1.59
11/12/2016,19:07,4.18
12/12/2016,01:11,1.13
12/12/2016,07:46,4.23
12/12/2016,13:35,1.29
12/12/2016,20:03,4.34
13/12/2016,01:59,1
13/12/2016,08:35,4.39
13/12/2016,14:24,1.03
13/12/2016,20:56,4.46
14/12/2016,02:45,0.96
14/12/2016,09:23,4.49
14/12/2016,15:11,0.84
14/12/2016,21:47,4.49
15/12/2016,03:31,1.02
15/12/2016,10:09,4.54
15/12/2016,15:59,0.76
15/12/2016,22:36,4.44
16/12/2016,04:14,1.17
16/12/2016,10:53,4.51
16/12/2016,16:46,0.8
16/12/2016,23:24,4.32
17/12/2016,04:58,1.38
17/12/2016,11:38,4.42
17/12/2016,17:33,0.95
18/12/2016,00:11,4.14
18/12/2016,05:41,1.64
18/12/2016,12:23,4.28
18/12/2016,18:23,1.18
19/12/2016,01:01,3.94
19/12/2016,06:24,1.91
19/12/2016,13:11,4.11
19/12/2016,19:17,1.45
20/12/2016,01:53,3.74
20/12/2016,07:12,2.15
20/12/2016,14:04,3.93
20/12/2016,20:19,1.69
21/12/2016,02:51,3.59
21/12/2016,08:14,2.34
21/12/2016,15:04,3.78
21/12/2016,21:28,1.86
22/12/2016,03:56,3.52
22/12/2016,09:36,2.43
22/12/2016,16:12,3.68
22/12/2016,22:35,1.93
23/12/2016,05:02,3.53
23/12/2016,10:58,2.38
23/12/2016,17:20,3.66
23/12/2016,23:35,1.91
24/12/2016,06:02,3.62
24/12/2016,12:02,2.23
24/12/2016,18:22,3.7
25/12/2016,00:24,1.83
25/12/2016,06:54,3.74
25/12/2016,12:50,2.05
25/12/2016,19:14,3.78
26/12/2016,01:05,1.74
26/12/2016,07:38,3.87
26/12/2016,13:30,1.85
26/12/2016,19:59,3.86
27/12/2016,01:42,1.64
27/12/2016,08:18,3.99
27/12/2016,14:07,1.67
27/12/2016,20:41,3.93
28/12/2016,02:17,1.56
28/12/2016,08:55,4.09
28/12/2016,14:42,1.51
28/12/2016,21:19,3.99
29/12/2016,02:51,1.5
29/12/2016,09:30,4.17
29/12/2016,15:17,1.38
29/12/2016,21:56,4.02
30/12/2016,03:26,1.46
30/12/2016,10:05,4.22
30/12/2016,15:51,1.29
30/12/2016,22:32,4.03
31/12/2016,04:00,1.45
31/12/2016,10:39,4.23
31/12/2016,16:27,1.23
31/12/2016,23:08,4.01
01/01/2017,04:36,1.48
01/01/2017,11:14,4.22
01/01/2017,17:04,1.23
01/01/2017,23:46,3.96
02/01/2017,05:14,1.55
02/01/2017,11:51,4.18
02/01/2017,17:44,1.26
03/01/2017,00:26,3.89
03/01/2017,05:53,1.66
03/01/2017,12:32,4.11
03/01/2017,18:27,1.34
04/01/2017,01:10,3.81
04/01/2017,06:38,1.79
04/01/2017,13:17,4.03
04/01/2017,19:17,1.45
05/01/2017,02:01,3.72
05/01/2017,07:31,1.94
05/01/2017,14:10,3.93
05/01/2017,20:17,1.56
06/01/2017,03:01,3.67
06/01/2017,08:38,2.05
06/01/2017,15:13,3.86
06/01/2017,21:29,1.62
07/01/2017,04:10,3.67
07/01/2017,09:56,2.06
07/01/2017,16:25,3.84
07/01/2017,22:44,1.61
08/01/2017,05:21,3.75
08/01/2017,11:16,1.93
08/01/2017,17:39,3.9
08/01/2017,23:55,1.52
09/01/2017,06:28,3.89
09/01/2017,12:26,1.67
09/01/2017,18:49,4.02
10/01/2017,00:55,1.39
10/01/2017,07:27,4.07
10/01/2017,13:24,1.37
10/01/2017,19:51,4.16
11/01/2017,01:47,1.27
11/01/2017,08:20,4.25
11/01/2017,14:14,1.07
11/01/2017,20:46,4.27
12/01/2017,02:33,1.18
12/01/2017,09:08,4.39
12/01/2017,15:02,0.84
12/01/2017,21:36,4.33
13/01/2017,03:17,1.15
13/01/2017,09:55,4.48
13/01/2017,15:48,0.72
13/01/2017,22:23,4.32
14/01/2017,03:59,1.19
14/01/2017,10:38,4.5
14/01/2017,16:32,0.71
14/01/2017,23:08,4.25
15/01/2017,04:40,1.29
15/01/2017,11:21,4.45
15/01/2017,17:15,0.82
15/01/2017,23:51,4.12
16/01/2017,05:18,1.44
16/01/2017,12:02,4.34
16/01/2017,17:56,1.03
17/01/2017,00:33,3.95
17/01/2017,05:55,1.64
17/01/2017,12:43,4.17
17/01/2017,18:38,1.29
18/01/2017,01:15,3.77
18/01/2017,06:32,1.85
18/01/2017,13:26,3.98
18/01/2017,19:22,1.58
19/01/2017,02:00,3.61
19/01/2017,07:14,2.07
19/01/2017,14:14,3.78
19/01/2017,20:13,1.83
20/01/2017,02:53,3.49
20/01/2017,08:11,2.27
20/01/2017,15:12,3.61
20/01/2017,21:20,2.02
21/01/2017,03:56,3.43
21/01/2017,09:35,2.39
21/01/2017,16:22,3.51
21/01/2017,22:37,2.09
22/01/2017,05:05,3.45
22/01/2017,11:14,2.34
22/01/2017,17:37,3.5
22/01/2017,23:45,2.04
23/01/2017,06:11,3.54
23/01/2017,12:21,2.16
23/01/2017,18:41,3.57
24/01/2017,00:38,1.93
24/01/2017,07:06,3.68
24/01/2017,13:10,1.93
24/01/2017,19:34,3.67
25/01/2017,01:20,1.79
25/01/2017,07:51,3.83
25/01/2017,13:50,1.7
25/01/2017,20:18,3.79
26/01/2017,01:57,1.64
26/01/2017,08:31,3.97
26/01/2017,14:25,1.48
26/01/2017,20:59,3.9
27/01/2017,02:33,1.49
27/01/2017,09:08,4.1
27/01/2017,15:00,1.26
27/01/2017,21:36,3.99
28/01/2017,03:08,1.36
28/01/2017,09:45,4.2
28/01/2017,15:35,1.08
28/01/2017,22:14,4.05
29/01/2017,03:44,1.25
29/01/2017,10:22,4.28
29/01/2017,16:11,0.95
29/01/2017,22:51,4.08
30/01/2017,04:20,1.2
30/01/2017,10:58,4.31
30/01/2017,16:48,0.88
30/01/2017,23:29,4.06
31/01/2017,04:58,1.21
31/01/2017,11:35,4.3
31/01/2017,17:27,0.9
01/02/2017,00:07,4.01
01/02/2017,05:37,1.29
01/02/2017,12:14,4.24
01/02/2017,18:08,1
02/02/2017,00:48,3.92
02/02/2017,06:18,1.43
02/02/2017,12:57,4.14
02/02/2017,18:53,1.17
03/02/2017,01:35,3.8
03/02/2017,07:05,1.61
03/02/2017,13:47,4
03/02/2017,19:46,1.39
04/02/2017,02:29,3.69
04/02/2017,08:05,1.81
04/02/2017,14:47,3.85
04/02/2017,20:53,1.62
05/02/2017,03:36,3.61
05/02/2017,09:24,1.93
05/02/2017,16:02,3.74
05/02/2017,22:17,1.75
06/02/2017,04:53,3.62
06/02/2017,10:57,1.88
06/02/2017,17:23,3.73
06/02/2017,23:41,1.73
07/02/2017,06:08,3.73
07/02/2017,12:17,1.64
07/02/2017,18:41,3.83
08/02/2017,00:47,1.6
08/02/2017,07:13,3.91
08/02/2017,13:17,1.32
08/02/2017,19:44,3.97
09/02/2017,01:38,1.44
09/02/2017,08:08,4.11
09/02/2017,14:08,1.02
09/02/2017,20:38,4.1
10/02/2017,02:23,1.29
10/02/2017,08:56,4.27
10/02/2017,14:52,0.79
10/02/2017,21:25,4.18
11/02/2017,03:04,1.18
11/02/2017,09:40,4.39
11/02/2017,15:34,0.65
11/02/2017,22:08,4.2
12/02/2017,03:42,1.12
12/02/2017,10:22,4.43
12/02/2017,16:14,0.63
12/02/2017,22:49,4.17
13/02/2017,04:18,1.12
13/02/2017,11:01,4.4
13/02/2017,16:51,0.72
13/02/2017,23:26,4.08
14/02/2017,04:53,1.2
14/02/2017,11:38,4.3
14/02/2017,17:26,0.91
15/02/2017,00:02,3.96
15/02/2017,05:26,1.35
15/02/2017,12:14,4.15
15/02/2017,18:00,1.15
16/02/2017,00:38,3.81
16/02/2017,05:59,1.53
16/02/2017,12:52,3.96
16/02/2017,18:35,1.43
17/02/2017,01:15,3.66
17/02/2017,06:34,1.75
17/02/2017,13:32,3.75
17/02/2017,19:14,1.71
18/02/2017,01:58,3.52
18/02/2017,07:17,1.99
18/02/2017,14:20,3.55
18/02/2017,20:05,1.98
19/02/2017,02:50,3.4
19/02/2017,08:19,2.22
19/02/2017,15:23,3.39
19/02/2017,21:21,2.17
20/02/2017,03:57,3.34
20/02/2017,10:05,2.31
20/02/2017,16:43,3.32
20/02/2017,22:56,2.2
21/02/2017,05:15,3.37
21/02/2017,11:47,2.17
21/02/2017,18:04,3.38
22/02/2017,00:07,2.07
22/02/2017,06:26,3.48
22/02/2017,12:44,1.92
22/02/2017,19:05,3.51
23/02/2017,00:56,1.88
23/02/2017,07:20,3.65
23/02/2017,13:26,1.64
23/02/2017,19:53,3.66
24/02/2017,01:36,1.66
24/02/2017,08:03,3.83
24/02/2017,14:03,1.36
24/02/2017,20:35,3.83
25/02/2017,02:12,1.42
25/02/2017,08:44,4.01
25/02/2017,14:38,1.08
25/02/2017,21:14,3.98
26/02/2017,02:48,1.2
26/02/2017,09:22,4.18
26/02/2017,15:14,0.82
26/02/2017,21:52,4.1
27/02/2017,03:25,1.01
27/02/2017,10:01,4.3
27/02/2017,15:50,0.64
27/02/2017,22:30,4.16
28/02/2017,04:02,0.89
28/02/2017,10:39,4.38
28/02/2017,16:29,0.56
28/02/2017,23:08,4.17
01/03/2017,04:40,0.87
01/03/2017,11:17,4.38
01/03/2017,17:07,0.59
01/03/2017,23:47,4.11
02/03/2017,05:19,0.94
02/03/2017,11:58,4.31
02/03/2017,17:47,0.75
03/03/2017,00:27,4.01
03/03/2017,06:00,1.09
03/03/2017,12:41,4.18
03/03/2017,18:31,1.02
04/03/2017,01:12,3.86
04/03/2017,06:47,1.31
04/03/2017,13:30,3.99
04/03/2017,19:21,1.35
05/03/2017,02:04,3.7
05/03/2017,07:44,1.57
05/03/2017,14:31,3.77
05/03/2017,20:27,1.69
06/03/2017,03:09,3.56
06/03/2017,09:08,1.76
06/03/2017,15:48,3.61
06/03/2017,21:59,1.9
07/03/2017,04:30,3.52
07/03/2017,10:50,1.73
07/03/2017,17:17,3.58
07/03/2017,23:33,1.89
08/03/2017,05:53,3.62
08/03/2017,12:11,1.5
08/03/2017,18:35,3.68
09/03/2017,00:39,1.72
09/03/2017,06:59,3.8
09/03/2017,13:10,1.2
09/03/2017,19:36,3.83
10/03/2017,01:29,1.52
10/03/2017,07:54,3.99
10/03/2017,13:56,0.94
10/03/2017,20:26,3.96
11/03/2017,02:10,1.33
11/03/2017,08:41,4.15
11/03/2017,14:37,0.76
11/03/2017,21:09,4.05
12/03/2017,02:47,1.16
12/03/2017,09:23,4.26
12/03/2017,15:14,0.65
12/03/2017,21:49,4.1
13/03/2017,03:21,1.05
13/03/2017,10:02,4.3
13/03/2017,15:49,0.63
13/03/2017,22:25,4.1
14/03/2017,03:56,1
14/03/2017,10:38,4.28
14/03/2017,16:23,0.71
14/03/2017,22:59,4.05
15/03/2017,04:28,1.03
15/03/2017,11:13,4.19
15/03/2017,16:54,0.87
15/03/2017,23:32,3.96
16/03/2017,04:59,1.14
16/03/2017,11:47,4.05
16/03/2017,17:25,1.09
17/03/2017,00:05,3.85
17/03/2017,05:30,1.3
17/03/2017,12:21,3.88
17/03/2017,17:56,1.34
18/03/2017,00:38,3.72
18/03/2017,06:03,1.5
18/03/2017,12:57,3.7
18/03/2017,18:30,1.61
19/03/2017,01:14,3.58
19/03/2017,06:41,1.73
19/03/2017,13:41,3.5
19/03/2017,19:12,1.89
20/03/2017,01:59,3.44
20/03/2017,07:33,1.97
20/03/2017,14:36,3.33
20/03/2017,20:14,2.15
21/03/2017,02:57,3.33
21/03/2017,08:58,2.14
21/03/2017,15:51,3.23
21/03/2017,21:53,2.26
22/03/2017,04:12,3.28
22/03/2017,10:55,2.08
22/03/2017,17:18,3.26
22/03/2017,23:26,2.15
23/03/2017,05:32,3.35
23/03/2017,12:08,1.84
23/03/2017,18:29,3.4
24/03/2017,00:25,1.93
24/03/2017,06:38,3.51
24/03/2017,12:55,1.54
24/03/2017,19:22,3.58
25/03/2017,01:08,1.65
25/03/2017,07:29,3.72
25/03/2017,13:34,1.22
25/03/2017,20:05,3.79
26/03/2017,01:47,1.36
26/03/2017,08:13,3.94
26/03/2017,14:11,0.9
26/03/2017,20:47,3.98
27/03/2017,02:24,1.08
27/03/2017,08:55,4.14
27/03/2017,14:48,0.62
27/03/2017,21:26,4.14
28/03/2017,03:02,0.83
28/03/2017,09:36,4.31
28/03/2017,15:26,0.43
28/03/2017,22:07,4.23
29/03/2017,03:41,0.67
29/03/2017,10:17,4.4
29/03/2017,16:06,0.37
29/03/2017,22:47,4.26
30/03/2017,04:21,0.62
30/03/2017,10:59,4.41
30/03/2017,16:46,0.45
30/03/2017,23:26,4.2
31/03/2017,05:02,0.68
31/03/2017,11:42,4.32
31/03/2017,17:28,0.68
01/04/2017,00:08,4.08
01/04/2017,05:46,0.84
01/04/2017,12:28,4.16
01/04/2017,18:12,1.02
02/04/2017,00:53,3.92
02/04/2017,06:34,1.08
02/04/2017,13:19,3.93
02/04/2017,19:02,1.42
03/04/2017,01:44,3.73
03/04/2017,07:35,1.36
03/04/2017,14:22,3.69
03/04/2017,20:10,1.79
04/04/2017,02:49,3.57
04/04/2017,09:03,1.55
04/04/2017,15:41,3.52
04/04/2017,21:48,2.01
05/04/2017,04:11,3.5
05/04/2017,10:41,1.53
05/04/2017,17:10,3.5
05/04/2017,23:20,1.97
06/04/2017,05:33,3.57
06/04/2017,11:58,1.34
06/04/2017,18:23,3.6
07/04/2017,00:25,1.79
07/04/2017,06:41,3.72
07/04/2017,12:53,1.12
07/04/2017,19:21,3.73
08/04/2017,01:12,1.57
08/04/2017,07:35,3.88
08/04/2017,13:37,0.94
08/04/2017,20:08,3.85
09/04/2017,01:51,1.37
09/04/2017,08:20,4.01
09/04/2017,14:14,0.82
09/04/2017,20:47,3.94
10/04/2017,02:26,1.19
10/04/2017,09:01,4.09
10/04/2017,14:48,0.76
10/04/2017,21:24,4
11/04/2017,02:59,1.06
11/04/2017,09:38,4.13
11/04/2017,15:21,0.75
11/04/2017,21:59,4.03
12/04/2017,03:32,0.99
12/04/2017,10:14,4.11
12/04/2017,15:53,0.81
12/04/2017,22:32,4.02
13/04/2017,04:04,0.99
13/04/2017,10:48,4.04
13/04/2017,16:24,0.94
13/04/2017,23:03,3.97
14/04/2017,04:35,1.06
14/04/2017,11:22,3.94
14/04/2017,16:55,1.12
14/04/2017,23:35,3.89
15/04/2017,05:07,1.18
15/04/2017,11:55,3.8
15/04/2017,17:25,1.34
16/04/2017,00:06,3.78
16/04/2017,05:40,1.35
16/04/2017,12:31,3.64
16/04/2017,17:59,1.57
17/04/2017,00:41,3.66
17/04/2017,06:17,1.54
17/04/2017,13:11,3.48
17/04/2017,18:38,1.82
18/04/2017,01:23,3.53
18/04/2017,07:05,1.74
18/04/2017,14:02,3.34
18/04/2017,19:31,2.06
19/04/2017,02:14,3.4
19/04/2017,08:14,1.9
19/04/2017,15:08,3.24
19/04/2017,20:54,2.21
20/04/2017,03:20,3.32
20/04/2017,09:53,1.91
20/04/2017,16:28,3.24
20/04/2017,22:30,2.16
21/04/2017,04:35,3.34
21/04/2017,11:15,1.72
21/04/2017,17:43,3.36
21/04/2017,23:41,1.95
22/04/2017,05:47,3.47
22/04/2017,12:11,1.44
22/04/2017,18:42,3.55
23/04/2017,00:32,1.67
23/04/2017,06:46,3.66
23/04/2017,12:57,1.13
23/04/2017,19:31,3.77
24/04/2017,01:16,1.35
24/04/2017,07:38,3.89
24/04/2017,13:38,0.81
24/04/2017,20:16,3.98
25/04/2017,01:57,1.04
25/04/2017,08:25,4.11
25/04/2017,14:20,0.55
25/04/2017,20:59,4.15
26/04/2017,02:38,0.77
26/04/2017,09:11,4.29
26/04/2017,15:02,0.39
26/04/2017,21:42,4.27
27/04/2017,03:21,0.58
27/04/2017,09:56,4.39
27/04/2017,15:44,0.37
27/04/2017,22:24,4.31
28/04/2017,04:04,0.49
28/04/2017,10:42,4.39
28/04/2017,16:27,0.5
28/04/2017,23:07,4.26
29/04/2017,04:48,0.53
29/04/2017,11:29,4.29
29/04/2017,17:11,0.76
29/04/2017,23:50,4.15
30/04/2017,05:35,0.68
30/04/2017,12:17,4.11
30/04/2017,17:56,1.12
01/05/2017,00:36,4
01/05/2017,06:27,0.91
01/05/2017,13:11,3.88
01/05/2017,18:48,1.5
02/05/2017,01:29,3.82
02/05/2017,07:31,1.16
02/05/2017,14:14,3.66
02/05/2017,19:55,1.85
03/05/2017,02:32,3.65
03/05/2017,08:56,1.34
03/05/2017,15:30,3.5
03/05/2017,21:26,2.03
04/05/2017,03:48,3.56
04/05/2017,10:21,1.37
04/05/2017,16:50,3.47
04/05/2017,22:53,2.01
05/05/2017,05:05,3.58
05/05/2017,11:32,1.29
05/05/2017,17:59,3.54
05/05/2017,23:59,1.86
06/05/2017,06:13,3.67
06/05/2017,12:27,1.17
06/05/2017,18:55,3.64
07/05/2017,00:47,1.66
07/05/2017,07:08,3.77
07/05/2017,13:11,1.08
07/05/2017,19:41,3.75
08/05/2017,01:27,1.48
08/05/2017,07:55,3.86
08/05/2017,13:47,1.02
08/05/2017,20:21,3.84
09/05/2017,02:02,1.31
09/05/2017,08:36,3.92
09/05/2017,14:20,0.97
09/05/2017,20:58,3.92
10/05/2017,02:36,1.17
10/05/2017,09:14,3.95
10/05/2017,14:53,0.96
10/05/2017,21:32,3.97
11/05/2017,03:09,1.08
11/05/2017,09:51,3.95
11/05/2017,15:26,1
11/05/2017,22:05,3.99
12/05/2017,03:43,1.05
12/05/2017,10:26,3.91
12/05/2017,15:57,1.08
12/05/2017,22:38,3.97
13/05/2017,04:16,1.07
13/05/2017,11:00,3.84
13/05/2017,16:29,1.21
13/05/2017,23:09,3.92
14/05/2017,04:49,1.15
14/05/2017,11:34,3.75
14/05/2017,17:01,1.38
14/05/2017,23:41,3.85
15/05/2017,05:23,1.25
15/05/2017,12:10,3.63
15/05/2017,17:35,1.56
16/05/2017,00:16,3.75
16/05/2017,06:01,1.39
16/05/2017,12:50,3.52
16/05/2017,18:14,1.74
17/05/2017,00:56,3.65
17/05/2017,06:46,1.53
17/05/2017,13:37,3.41
17/05/2017,19:03,1.93
18/05/2017,01:43,3.54
18/05/2017,07:44,1.65
18/05/2017,14:34,3.33
18/05/2017,20:09,2.07
19/05/2017,02:41,3.46
19/05/2017,09:00,1.68
19/05/2017,15:42,3.32
19/05/2017,21:32,2.08
20/05/2017,03:49,3.44
20/05/2017,10:17,1.58
20/05/2017,16:53,3.4
20/05/2017,22:47,1.94
21/05/2017,04:59,3.52
21/05/2017,11:23,1.37
21/05/2017,17:58,3.56
21/05/2017,23:49,1.7
22/05/2017,06:03,3.67
22/05/2017,12:17,1.11
22/05/2017,18:54,3.76
23/05/2017,00:42,1.4
23/05/2017,07:02,3.87
23/05/2017,13:07,0.86
23/05/2017,19:44,3.96
24/05/2017,01:30,1.09
24/05/2017,07:56,4.08
24/05/2017,13:53,0.65
24/05/2017,20:32,4.14
25/05/2017,02:17,0.81
25/05/2017,08:48,4.24
25/05/2017,14:39,0.54
25/05/2017,21:19,4.26
26/05/2017,03:03,0.59
26/05/2017,09:38,4.34
26/05/2017,15:25,0.54
26/05/2017,22:04,4.32
27/05/2017,03:50,0.47
27/05/2017,10:28,4.34
27/05/2017,16:11,0.67
27/05/2017,22:49,4.31
28/05/2017,04:37,0.46
28/05/2017,11:17,4.26
28/05/2017,16:56,0.9
28/05/2017,23:35,4.24
29/05/2017,05:26,0.56
29/05/2017,12:07,4.1
29/05/2017,17:43,1.2
30/05/2017,00:22,4.11
30/05/2017,06:20,0.76
30/05/2017,13:00,3.89
30/05/2017,18:34,1.52
31/05/2017,01:13,3.95
31/05/2017,07:21,0.99
31/05/2017,13:59,3.69
31/05/2017,19:32,1.8
01/06/2017,02:11,3.79
01/06/2017,08:34,1.2
01/06/2017,15:05,3.53
01/06/2017,20:48,1.99
02/06/2017,03:17,3.66
02/06/2017,09:47,1.34
02/06/2017,16:15,3.46
02/06/2017,22:08,2.04
03/06/2017,04:29,3.6
03/06/2017,10:55,1.38
03/06/2017,17:21,3.47
03/06/2017,23:20,1.96
04/06/2017,05:36,3.6
04/06/2017,11:53,1.37
04/06/2017,18:19,3.54
05/06/2017,00:15,1.81
05/06/2017,06:35,3.65
05/06/2017,12:38,1.33
05/06/2017,19:08,3.64
06/06/2017,01:00,1.64
06/06/2017,07:26,3.71
06/06/2017,13:17,1.29
06/06/2017,19:52,3.75
07/06/2017,01:38,1.48
07/06/2017,08:11,3.76
07/06/2017,13:53,1.24
07/06/2017,20:31,3.84
08/06/2017,02:14,1.33
08/06/2017,08:51,3.81
08/06/2017,14:27,1.21
08/06/2017,21:07,3.92
09/06/2017,02:50,1.22
09/06/2017,09:29,3.83
09/06/2017,15:01,1.21
09/06/2017,21:41,3.97
10/06/2017,03:24,1.14
10/06/2017,10:05,3.83
10/06/2017,15:35,1.23
10/06/2017,22:15,3.99
11/06/2017,03:59,1.11
11/06/2017,10:41,3.81
11/06/2017,16:08,1.3
11/06/2017,22:48,3.97
12/06/2017,04:33,1.11
12/06/2017,11:17,3.76
12/06/2017,16:42,1.38
12/06/2017,23:21,3.93
13/06/2017,05:08,1.15
13/06/2017,11:53,3.69
13/06/2017,17:18,1.49
13/06/2017,23:56,3.87
14/06/2017,05:47,1.22
14/06/2017,12:31,3.61
14/06/2017,17:56,1.61
15/06/2017,00:35,3.8
15/06/2017,06:29,1.31
15/06/2017,13:14,3.53
15/06/2017,18:41,1.74
16/06/2017,01:19,3.71
16/06/2017,07:18,1.4
16/06/2017,14:04,3.47
16/06/2017,19:35,1.86
17/06/2017,02:10,3.64
17/06/2017,08:19,1.46
17/06/2017,15:03,3.44
17/06/2017,20:43,1.93
18/06/2017,03:11,3.6
18/06/2017,09:28,1.44
18/06/2017,16:09,3.47
18/06/2017,21:56,1.89
19/06/2017,04:18,3.62
19/06/2017,10:37,1.35
19/06/2017,17:16,3.58
19/06/2017,23:07,1.74
20/06/2017,05:26,3.71
20/06/2017,11:41,1.21
20/06/2017,18:19,3.73
21/06/2017,00:11,1.49
21/06/2017,06:32,3.85
21/06/2017,12:39,1.04
21/06/2017,19:16,3.91
22/06/2017,01:08,1.2
22/06/2017,07:34,4.02
22/06/2017,13:32,0.89
22/06/2017,20:09,4.09
23/06/2017,02:00,0.9
23/06/2017,08:31,4.17
23/06/2017,14:22,0.8
23/06/2017,20:59,4.24
24/06/2017,02:50,0.65
24/06/2017,09:24,4.26
24/06/2017,15:10,0.78
24/06/2017,21:47,4.33
25/06/2017,03:38,0.48
25/06/2017,10:15,4.29
25/06/2017,15:56,0.85
25/06/2017,22:34,4.36
26/06/2017,04:27,0.42
26/06/2017,11:05,4.23
26/06/2017,16:42,1
26/06/2017,23:20,4.33
27/06/2017,05:16,0.48
27/06/2017,11:54,4.11
27/06/2017,17:27,1.21
28/06/2017,00:06,4.24
28/06/2017,06:06,0.66
28/06/2017,12:43,3.93
28/06/2017,18:12,1.44
29/06/2017,00:53,4.09
29/06/2017,06:59,0.9
29/06/2017,13:34,3.74
29/06/2017,19:00,1.69
30/06/2017,01:44,3.92
30/06/2017,07:56,1.17
30/06/2017,14:29,3.57
30/06/2017,19:56,1.9
01/07/2017,02:41,3.74
01/07/2017,08:59,1.41
01/07/2017,15:29,3.46
01/07/2017,21:05,2.05
02/07/2017,03:44,3.6
02/07/2017,10:04,1.57
02/07/2017,16:32,3.42
02/07/2017,22:25,2.08
03/07/2017,04:52,3.53
03/07/2017,11:08,1.64
03/07/2017,17:35,3.45
03/07/2017,23:37,1.99
04/07/2017,05:58,3.52
04/07/2017,12:02,1.64
04/07/2017,18:32,3.54
05/07/2017,00:32,1.84
05/07/2017,06:56,3.57
05/07/2017,12:48,1.58
05/07/2017,19:20,3.66
06/07/2017,01:17,1.66
06/07/2017,07:45,3.64
06/07/2017,13:28,1.51
06/07/2017,20:04,3.78
07/07/2017,01:56,1.49
07/07/2017,08:29,3.71
07/07/2017,14:05,1.44
07/07/2017,20:43,3.88
08/07/2017,02:32,1.33
08/07/2017,09:09,3.77
08/07/2017,14:41,1.38
08/07/2017,21:19,3.96
09/07/2017,03:08,1.2
09/07/2017,09:47,3.82
09/07/2017,15:15,1.33
09/07/2017,21:54,4.02
10/07/2017,03:42,1.09
10/07/2017,10:23,3.84
10/07/2017,15:50,1.3
10/07/2017,22:29,4.05
11/07/2017,04:17,1.03
11/07/2017,10:59,3.84
11/07/2017,16:25,1.31
11/07/2017,23:03,4.05
12/07/2017,04:53,1.01
12/07/2017,11:35,3.81
12/07/2017,17:01,1.35
12/07/2017,23:38,4.03
13/07/2017,05:30,1.03
13/07/2017,12:11,3.76
13/07/2017,17:38,1.42
14/07/2017,00:16,3.98
14/07/2017,06:09,1.09
14/07/2017,12:52,3.7
14/07/2017,18:20,1.53
15/07/2017,00:56,3.91
15/07/2017,06:53,1.18
15/07/2017,13:37,3.63
15/07/2017,19:06,1.66
16/07/2017,01:44,3.82
16/07/2017,07:45,1.29
16/07/2017,14:29,3.58
16/07/2017,20:04,1.78
17/07/2017,02:40,3.74
17/07/2017,08:47,1.4
17/07/2017,15:32,3.55
17/07/2017,21:15,1.84
18/07/2017,03:46,3.69
18/07/2017,09:59,1.45
18/07/2017,16:41,3.59
18/07/2017,22:34,1.79
19/07/2017,04:59,3.71
19/07/2017,11:14,1.42
19/07/2017,17:50,3.7
19/07/2017,23:50,1.59
20/07/2017,06:13,3.8
20/07/2017,12:21,1.32
20/07/2017,18:54,3.86
21/07/2017,00:55,1.29
21/07/2017,07:20,3.94
21/07/2017,13:20,1.19
21/07/2017,19:52,4.05
22/07/2017,01:50,0.97
22/07/2017,08:20,4.09
22/07/2017,14:10,1.07
22/07/2017,20:44,4.22
23/07/2017,02:40,0.68
23/07/2017,09:14,4.2
23/07/2017,14:57,0.99
23/07/2017,21:32,4.35
24/07/2017,03:28,0.48
24/07/2017,10:03,4.25
24/07/2017,15:41,0.98
24/07/2017,22:19,4.42
25/07/2017,04:14,0.4
25/07/2017,10:50,4.23
25/07/2017,16:24,1.03
25/07/2017,23:03,4.42
26/07/2017,04:59,0.45
26/07/2017,11:35,4.13
26/07/2017,17:05,1.15
26/07/2017,23:46,4.34
27/07/2017,05:43,0.63
27/07/2017,12:19,3.98
27/07/2017,17:45,1.33
28/07/2017,00:29,4.19
28/07/2017,06:26,0.9
28/07/2017,13:02,3.81
28/07/2017,18:24,1.55
29/07/2017,01:13,4
29/07/2017,07:10,1.22
29/07/2017,13:47,3.64
29/07/2017,19:06,1.79
30/07/2017,02:00,3.79
30/07/2017,07:58,1.53
30/07/2017,14:36,3.5
30/07/2017,19:58,2.01
31/07/2017,02:55,3.59
31/07/2017,08:58,1.78
31/07/2017,15:35,3.41
31/07/2017,21:14,2.16
01/08/2017,04:02,3.45
01/08/2017,10:11,1.93
01/08/2017,16:41,3.4
01/08/2017,22:51,2.17
02/08/2017,05:16,3.41
02/08/2017,11:23,1.95
02/08/2017,17:49,3.46
03/08/2017,00:05,2.02
03/08/2017,06:24,3.46
03/08/2017,12:20,1.87
03/08/2017,18:48,3.58
04/08/2017,00:57,1.81
04/08/2017,07:20,3.55
04/08/2017,13:05,1.75
04/08/2017,19:36,3.72
05/08/2017,01:38,1.59
05/08/2017,08:07,3.66
05/08/2017,13:44,1.62
05/08/2017,20:18,3.85
06/08/2017,02:14,1.39
06/08/2017,08:47,3.77
06/08/2017,14:20,1.49
06/08/2017,20:56,3.98
07/08/2017,02:49,1.19
07/08/2017,09:26,3.86
07/08/2017,14:56,1.36
07/08/2017,21:32,4.08
08/08/2017,03:23,1.02
08/08/2017,10:02,3.94
08/08/2017,15:30,1.25
08/08/2017,22:08,4.16
09/08/2017,03:57,0.89
09/08/2017,10:38,3.98
09/08/2017,16:05,1.18
09/08/2017,22:43,4.2
10/08/2017,04:33,0.82
10/08/2017,11:14,3.98
10/08/2017,16:41,1.17
10/08/2017,23:19,4.2
11/08/2017,05:09,0.83
11/08/2017,11:50,3.95
11/08/2017,17:19,1.22
11/08/2017,23:56,4.16
12/08/2017,05:47,0.9
12/08/2017,12:29,3.88
12/08/2017,17:58,1.33
13/08/2017,00:35,4.08
13/08/2017,06:28,1.05
13/08/2017,13:11,3.8
13/08/2017,18:41,1.49
14/08/2017,01:21,3.97
14/08/2017,07:15,1.25
14/08/2017,14:00,3.7
14/08/2017,19:35,1.67
15/08/2017,02:16,3.83
15/08/2017,08:15,1.48
15/08/2017,15:00,3.62
15/08/2017,20:45,1.82
16/08/2017,03:23,3.71
16/08/2017,09:32,1.67
16/08/2017,16:12,3.59
16/08/2017,22:15,1.83
17/08/2017,04:44,3.67
17/08/2017,10:58,1.71
17/08/2017,17:29,3.67
17/08/2017,23:42,1.64
18/08/2017,06:05,3.74
18/08/2017,12:14,1.62
18/08/2017,18:39,3.83
19/08/2017,00:49,1.32
19/08/2017,07:14,3.89
19/08/2017,13:11,1.46
19/08/2017,19:38,4.03
20/08/2017,01:43,0.99
20/08/2017,08:12,4.05
20/08/2017,14:00,1.29
20/08/2017,20:30,4.23
21/08/2017,02:30,0.7
21/08/2017,09:02,4.17
21/08/2017,14:44,1.15
21/08/2017,21:17,4.38
22/08/2017,03:14,0.52
22/08/2017,09:48,4.24
22/08/2017,15:24,1.06
22/08/2017,22:01,4.46
23/08/2017,03:55,0.45
23/08/2017,10:31,4.23
23/08/2017,16:02,1.04
23/08/2017,22:42,4.46
24/08/2017,04:35,0.52
24/08/2017,11:11,4.17
24/08/2017,16:40,1.11
24/08/2017,23:22,4.38
25/08/2017,05:12,0.71
25/08/2017,11:49,4.05
25/08/2017,17:15,1.25
26/08/2017,00:01,4.22
26/08/2017,05:48,0.99
26/08/2017,12:26,3.9
26/08/2017,17:50,1.45
27/08/2017,00:40,4.03
27/08/2017,06:23,1.31
27/08/2017,13:04,3.74
27/08/2017,18:26,1.69
28/08/2017,01:20,3.8
28/08/2017,07:02,1.64
28/08/2017,13:46,3.6
28/08/2017,19:08,1.94
29/08/2017,02:08,3.59
29/08/2017,07:49,1.94
29/08/2017,14:37,3.47
29/08/2017,20:08,2.17
30/08/2017,03:11,3.42
30/08/2017,09:01,2.17
30/08/2017,15:41,3.4
30/08/2017,21:55,2.28
31/08/2017,04:30,3.34
31/08/2017,10:36,2.24
31/08/2017,16:58,3.42
31/08/2017,23:34,2.15
01/09/2017,05:50,3.38
01/09/2017,11:50,2.14
01/09/2017,18:09,3.52
02/09/2017,00:32,1.91
02/09/2017,06:53,3.51
02/09/2017,12:42,1.96
02/09/2017,19:05,3.67
03/09/2017,01:16,1.65
03/09/2017,07:42,3.66
03/09/2017,13:23,1.77
03/09/2017,19:49,3.84
04/09/2017,01:52,1.4
04/09/2017,08:23,3.81
04/09/2017,13:59,1.56
04/09/2017,20:29,4
05/09/2017,02:26,1.16
05/09/2017,09:00,3.95
05/09/2017,14:33,1.35
05/09/2017,21:06,4.15
06/09/2017,02:59,0.93
06/09/2017,09:37,4.07
06/09/2017,15:08,1.18
06/09/2017,21:43,4.27
07/09/2017,03:33,0.77
07/09/2017,10:14,4.15
07/09/2017,15:44,1.05
07/09/2017,22:20,4.35
08/09/2017,04:09,0.68
08/09/2017,10:50,4.17
08/09/2017,16:20,1.01
08/09/2017,22:57,4.36
09/09/2017,04:46,0.7
09/09/2017,11:27,4.15
09/09/2017,16:58,1.05
09/09/2017,23:35,4.32
10/09/2017,05:24,0.82
10/09/2017,12:05,4.07
10/09/2017,17:38,1.18
11/09/2017,00:17,4.21
11/09/2017,06:05,1.05
11/09/2017,12:47,3.95
11/09/2017,18:21,1.37
12/09/2017,01:03,4.05
12/09/2017,06:51,1.35
12/09/2017,13:35,3.82
12/09/2017,19:14,1.6
13/09/2017,01:59,3.86
13/09/2017,07:50,1.69
13/09/2017,14:35,3.68
13/09/2017,20:29,1.8
14/09/2017,03:11,3.69
14/09/2017,09:14,1.96
14/09/2017,15:51,3.62
14/09/2017,22:10,1.82
15/09/2017,04:38,3.64
15/09/2017,10:53,2
15/09/2017,17:14,3.68
15/09/2017,23:38,1.61
16/09/2017,06:02,3.73
16/09/2017,12:08,1.86
16/09/2017,18:26,3.85
17/09/2017,00:42,1.29
17/09/2017,07:08,3.89
17/09/2017,13:03,1.66
17/09/2017,19:25,4.05
18/09/2017,01:32,1
18/09/2017,08:01,4.05
18/09/2017,13:47,1.45
18/09/2017,20:14,4.24
19/09/2017,02:15,0.78
19/09/2017,08:47,4.16
19/09/2017,14:26,1.27
19/09/2017,20:59,4.37
20/09/2017,02:54,0.65
20/09/2017,09:29,4.23
20/09/2017,15:03,1.15
20/09/2017,21:41,4.44
21/09/2017,03:31,0.62
21/09/2017,10:07,4.24
21/09/2017,15:38,1.09
21/09/2017,22:20,4.43
22/09/2017,04:06,0.71
22/09/2017,10:43,4.2
22/09/2017,16:13,1.12
22/09/2017,22:56,4.34
23/09/2017,04:40,0.89
23/09/2017,11:18,4.12
23/09/2017,16:47,1.24
23/09/2017,23:32,4.2
24/09/2017,05:12,1.14
24/09/2017,11:52,4
24/09/2017,17:19,1.42
25/09/2017,00:08,4.01
25/09/2017,05:44,1.44
25/09/2017,12:26,3.87
25/09/2017,17:53,1.63
26/09/2017,00:46,3.81
26/09/2017,06:17,1.74
26/09/2017,13:03,3.73
26/09/2017,18:31,1.88
27/09/2017,01:29,3.61
27/09/2017,06:57,2.04
27/09/2017,13:47,3.59
27/09/2017,19:23,2.12
28/09/2017,02:25,3.43
28/09/2017,07:56,2.31
28/09/2017,14:44,3.48
28/09/2017,20:50,2.3
29/09/2017,03:41,3.33
29/09/2017,09:37,2.45
29/09/2017,15:59,3.43
29/09/2017,22:50,2.22
30/09/2017,05:09,3.36
30/09/2017,11:12,2.36
30/09/2017,17:19,3.49
30/09/2017,23:58,1.99
01/10/2017,06:19,3.49
01/10/2017,12:11,2.15
01/10/2017,18:23,3.64
02/10/2017,00:44,1.71
02/10/2017,07:10,3.67
02/10/2017,12:55,1.9
02/10/2017,19:13,3.82
03/10/2017,01:21,1.43
03/10/2017,07:52,3.86
03/10/2017,13:32,1.64
03/10/2017,19:56,4.02
04/10/2017,01:56,1.15
04/10/2017,08:30,4.04
04/10/2017,14:07,1.38
04/10/2017,20:36,4.2
05/10/2017,02:30,0.9
05/10/2017,09:08,4.19
05/10/2017,14:43,1.15
05/10/2017,21:16,4.36
06/10/2017,03:06,0.72
06/10/2017,09:47,4.3
06/10/2017,15:20,0.99
06/10/2017,21:56,4.46
07/10/2017,03:44,0.64
07/10/2017,10:25,4.35
07/10/2017,15:59,0.91
07/10/2017,22:36,4.48
08/10/2017,04:22,0.69
08/10/2017,11:04,4.32
08/10/2017,16:38,0.94
08/10/2017,23:17,4.42
09/10/2017,05:02,0.88
09/10/2017,11:44,4.24
09/10/2017,17:21,1.07
10/10/2017,00:02,4.29
10/10/2017,05:44,1.17
10/10/2017,12:26,4.1
10/10/2017,18:08,1.28
11/10/2017,00:50,4.09
11/10/2017,06:32,1.54
11/10/2017,13:16,3.94
11/10/2017,19:04,1.53
12/10/2017,01:50,3.87
12/10/2017,07:32,1.93
12/10/2017,14:16,3.78
12/10/2017,20:24,1.73
13/10/2017,03:05,3.69
13/10/2017,09:04,2.19
13/10/2017,15:33,3.69
13/10/2017,22:05,1.74
14/10/2017,04:34,3.65
14/10/2017,10:44,2.21
14/10/2017,16:57,3.74
14/10/2017,23:27,1.55
15/10/2017,05:53,3.75
15/10/2017,11:56,2.04
15/10/2017,18:09,3.89
16/10/2017,00:28,1.31
16/10/2017,06:54,3.89
16/10/2017,12:48,1.82
16/10/2017,19:07,4.06
17/10/2017,01:14,1.1
17/10/2017,07:44,4.03
17/10/2017,13:29,1.61
17/10/2017,19:55,4.21
18/10/2017,01:54,0.97
18/10/2017,08:26,4.14
18/10/2017,14:06,1.43
18/10/2017,20:38,4.3
19/10/2017,02:30,0.9
19/10/2017,09:05,4.21
19/10/2017,14:41,1.29
19/10/2017,21:18,4.35
20/10/2017,03:04,0.9
20/10/2017,09:41,4.24
20/10/2017,15:15,1.21
20/10/2017,21:56,4.33
21/10/2017,03:37,0.98
21/10/2017,10:15,4.23
21/10/2017,15:48,1.21
21/10/2017,22:32,4.26
22/10/2017,04:08,1.13
22/10/2017,10:48,4.19
22/10/2017,16:21,1.29
22/10/2017,23:07,4.14
23/10/2017,04:40,1.33
23/10/2017,11:20,4.1
23/10/2017,16:54,1.43
23/10/2017,23:41,3.99
24/10/2017,05:11,1.57
24/10/2017,11:53,3.99
24/10/2017,17:28,1.61
25/10/2017,00:17,3.82
25/10/2017,05:44,1.83
25/10/2017,12:28,3.87
25/10/2017,18:05,1.81
26/10/2017,00:59,3.65
26/10/2017,06:21,2.09
26/10/2017,13:09,3.73
26/10/2017,18:51,2.02
27/10/2017,01:49,3.5
27/10/2017,07:11,2.34
27/10/2017,13:59,3.61
27/10/2017,19:59,2.2
28/10/2017,02:54,3.39
28/10/2017,08:31,2.52
28/10/2017,15:04,3.52
28/10/2017,21:44,2.21
29/10/2017,04:15,3.38
29/10/2017,10:14,2.5
29/10/2017,16:20,3.52
29/10/2017,23:06,2.04
30/10/2017,05:31,3.5
30/10/2017,11:26,2.31
30/10/2017,17:30,3.63
31/10/2017,00:01,1.78
31/10/2017,06:28,3.67
31/10/2017,12:17,2.05
31/10/2017,18:29,3.81
01/11/2017,00:43,1.49
01/11/2017,07:15,3.88
01/11/2017,12:59,1.76
01/11/2017,19:18,4.01
02/11/2017,01:22,1.21
02/11/2017,07:57,4.08
02/11/2017,13:38,1.47
02/11/2017,20:03,4.22
03/11/2017,02:00,0.96
03/11/2017,08:38,4.26
03/11/2017,14:17,1.2
03/11/2017,20:48,4.39
04/11/2017,02:39,0.78
04/11/2017,09:20,4.39
04/11/2017,14:58,0.99
04/11/2017,21:32,4.51
05/11/2017,03:20,0.73
05/11/2017,10:01,4.46
05/11/2017,15:40,0.88
05/11/2017,22:17,4.54
06/11/2017,04:02,0.8
06/11/2017,10:42,4.45
06/11/2017,16:23,0.87
06/11/2017,23:02,4.48
07/11/2017,04:44,1.01
07/11/2017,11:25,4.37
07/11/2017,17:09,0.97
07/11/2017,23:50,4.33
08/11/2017,05:29,1.32
08/11/2017,12:10,4.24
08/11/2017,17:59,1.16
09/11/2017,00:42,4.13
09/11/2017,06:18,1.69
09/11/2017,13:00,4.08
09/11/2017,18:59,1.39
10/11/2017,01:41,3.9
10/11/2017,07:18,2.05
10/11/2017,13:59,3.92
10/11/2017,20:18,1.59
11/11/2017,02:55,3.73
11/11/2017,08:44,2.29
11/11/2017,15:12,3.82
11/11/2017,21:47,1.64
12/11/2017,04:17,3.67
12/11/2017,10:17,2.32
12/11/2017,16:32,3.81
12/11/2017,23:04,1.55
13/11/2017,05:30,3.73
13/11/2017,11:30,2.19
13/11/2017,17:43,3.89
14/11/2017,00:04,1.43
14/11/2017,06:30,3.84
14/11/2017,12:25,1.99
14/11/2017,18:41,4
15/11/2017,00:51,1.32
15/11/2017,07:19,3.96
15/11/2017,13:08,1.79
15/11/2017,19:32,4.1
16/11/2017,01:29,1.25
16/11/2017,08:01,4.06
16/11/2017,13:44,1.62
16/11/2017,20:16,4.17
17/11/2017,02:04,1.22
17/11/2017,08:40,4.14
17/11/2017,14:20,1.47
17/11/2017,20:56,4.2
18/11/2017,02:37,1.22
18/11/2017,09:15,4.2
18/11/2017,14:53,1.38
18/11/2017,21:34,4.19
19/11/2017,03:10,1.26
19/11/2017,09:50,4.23
19/11/2017,15:28,1.34
19/11/2017,22:10,4.15
20/11/2017,03:42,1.35
20/11/2017,10:23,4.22
20/11/2017,16:02,1.36
20/11/2017,22:45,4.07
21/11/2017,04:14,1.49
21/11/2017,10:55,4.17
21/11/2017,16:35,1.44
21/11/2017,23:20,3.97
22/11/2017,04:46,1.65
22/11/2017,11:27,4.09
22/11/2017,17:09,1.56
22/11/2017,23:56,3.85
23/11/2017,05:19,1.84
23/11/2017,12:02,3.99
23/11/2017,17:46,1.7
24/11/2017,00:35,3.72
24/11/2017,05:56,2.04
24/11/2017,12:40,3.88
24/11/2017,18:29,1.85
25/11/2017,01:20,3.59
25/11/2017,06:41,2.23
25/11/2017,13:25,3.76
25/11/2017,19:23,1.99
26/11/2017,02:14,3.49
26/11/2017,07:40,2.4
26/11/2017,14:20,3.67
26/11/2017,20:36,2.06
27/11/2017,03:20,3.46
27/11/2017,09:02,2.47
27/11/2017,15:25,3.62
27/11/2017,21:57,2
28/11/2017,04:32,3.51
28/11/2017,10:23,2.37
28/11/2017,16:34,3.67
28/11/2017,23:05,1.82
29/11/2017,05:37,3.65
29/11/2017,11:28,2.16
29/11/2017,17:39,3.8
29/11/2017,23:59,1.58
30/11/2017,06:32,3.85
30/11/2017,12:21,1.88
30/11/2017,18:38,3.98
01/12/2017,00:46,1.32
01/12/2017,07:23,4.05
01/12/2017,13:08,1.58
01/12/2017,19:32,4.18
02/12/2017,01:31,1.1
02/12/2017,08:09,4.24
02/12/2017,13:53,1.29
02/12/2017,20:23,4.36
03/12/2017,02:16,0.94
03/12/2017,08:55,4.4
03/12/2017,14:39,1.03
03/12/2017,21:13,4.48
04/12/2017,03:00,0.89
04/12/2017,09:40,4.49
04/12/2017,15:25,0.86
04/12/2017,22:02,4.52
05/12/2017,03:45,0.95
05/12/2017,10:25,4.52
05/12/2017,16:12,0.79
05/12/2017,22:50,4.48
06/12/2017,04:30,1.12
06/12/2017,11:10,4.48
06/12/2017,17:00,0.83
06/12/2017,23:40,4.35
07/12/2017,05:17,1.38
07/12/2017,11:56,4.38
07/12/2017,17:52,0.97
08/12/2017,00:32,4.16
08/12/2017,06:05,1.68
08/12/2017,12:46,4.24
08/12/2017,18:50,1.18
09/12/2017,01:29,3.95
09/12/2017,06:59,1.97
09/12/2017,13:41,4.08
09/12/2017,19:59,1.4
10/12/2017,02:32,3.77
10/12/2017,08:07,2.21
10/12/2017,14:44,3.94
10/12/2017,21:14,1.56
11/12/2017,03:43,3.66
11/12/2017,09:29,2.33
11/12/2017,15:56,3.85
11/12/2017,22:26,1.64
12/12/2017,04:53,3.65
12/12/2017,10:48,2.29
12/12/2017,17:07,3.83
12/12/2017,23:30,1.64
13/12/2017,05:55,3.71
13/12/2017,11:53,2.16
13/12/2017,18:11,3.86
14/12/2017,00:21,1.61
14/12/2017,06:48,3.81
14/12/2017,12:43,1.98
14/12/2017,19:05,3.92
15/12/2017,01:03,1.57
15/12/2017,07:34,3.92
15/12/2017,13:24,1.81
15/12/2017,19:53,3.97
16/12/2017,01:40,1.53
16/12/2017,08:15,4.03
16/12/2017,14:02,1.65
16/12/2017,20:35,4.01
17/12/2017,02:14,1.5
17/12/2017,08:53,4.12
17/12/2017,14:37,1.52
17/12/2017,21:14,4.04
18/12/2017,02:47,1.48
18/12/2017,09:28,4.18
18/12/2017,15:11,1.43
18/12/2017,21:52,4.04
19/12/2017,03:21,1.5
19/12/2017,10:02,4.2
19/12/2017,15:46,1.39
19/12/2017,22:27,4.01
20/12/2017,03:54,1.54
20/12/2017,10:35,4.19
20/12/2017,16:20,1.38
20/12/2017,23:02,3.96
21/12/2017,04:27,1.62
21/12/2017,11:08,4.16
21/12/2017,16:54,1.42
21/12/2017,23:38,3.88
22/12/2017,05:01,1.72
22/12/2017,11:41,4.09
22/12/2017,17:30,1.49
23/12/2017,00:14,3.79
23/12/2017,05:37,1.84
23/12/2017,12:17,4.01
23/12/2017,18:09,1.59
24/12/2017,00:53,3.7
24/12/2017,06:17,1.98
24/12/2017,12:57,3.92
24/12/2017,18:53,1.7
25/12/2017,01:39,3.61
25/12/2017,07:03,2.12
25/12/2017,13:44,3.82
25/12/2017,19:47,1.79
26/12/2017,02:33,3.55
26/12/2017,08:02,2.24
26/12/2017,14:40,3.75
26/12/2017,20:53,1.83
27/12/2017,03:37,3.55
27/12/2017,09:17,2.27
27/12/2017,15:45,3.73
27/12/2017,22:05,1.78
28/12/2017,04:44,3.62
28/12/2017,10:32,2.18
28/12/2017,16:54,3.78
28/12/2017,23:12,1.65
29/12/2017,05:50,3.76
29/12/2017,11:42,1.97
29/12/2017,18:02,3.9
30/12/2017,00:14,1.47
30/12/2017,06:50,3.94
30/12/2017,12:42,1.67
30/12/2017,19:05,4.07
31/12/2017,01:08,1.29
31/12/2017,07:44,4.14
31/12/2017,13:36,1.35
31/12/2017,20:04,4.24
01/01/2018,01:58,1.14
01/01/2018,08:35,4.32
01/01/2018,14:26,1.04
01/01/2018,20:59,4.38
02/01/2018,02:46,1.05
02/01/2018,09:23,4.45
02/01/2018,15:14,0.79
02/01/2018,21:50,4.45
03/01/2018,03:32,1.04
03/01/2018,10:10,4.54
03/01/2018,16:03,0.65
03/01/2018,22:40,4.44
04/01/2018,04:18,1.12
04/01/2018,10:56,4.55
04/01/2018,16:51,0.63
04/01/2018,23:29,4.34
05/01/2018,05:03,1.28
05/01/2018,11:42,4.49
05/01/2018,17:41,0.74
06/01/2018,00:17,4.18
06/01/2018,05:47,1.49
06/01/2018,12:29,4.37
06/01/2018,18:32,0.96
07/01/2018,01:07,3.98
07/01/2018,06:33,1.74
07/01/2018,13:17,4.2
07/01/2018,19:26,1.24
08/01/2018,01:59,3.78
08/01/2018,07:23,1.98
08/01/2018,14:11,4
08/01/2018,20:27,1.53
09/01/2018,02:58,3.62
09/01/2018,08:24,2.19
09/01/2018,15:13,3.82
09/01/2018,21:34,1.75
10/01/2018,04:02,3.54
10/01/2018,09:44,2.31
10/01/2018,16:23,3.7
10/01/2018,22:44,1.88
11/01/2018,05:09,3.54
11/01/2018,11:10,2.28
11/01/2018,17:33,3.66
11/01/2018,23:46,1.9
12/01/2018,06:11,3.62
12/01/2018,12:16,2.13
12/01/2018,18:36,3.69
13/01/2018,00:36,1.85
13/01/2018,07:05,3.74
13/01/2018,13:05,1.94
13/01/2018,19:30,3.75
14/01/2018,01:17,1.77
14/01/2018,07:51,3.87
14/01/2018,13:47,1.75
14/01/2018,20:17,3.83
15/01/2018,01:55,1.68
15/01/2018,08:32,3.99
15/01/2018,14:23,1.58
15/01/2018,20:57,3.89
16/01/2018,02:30,1.59
16/01/2018,09:08,4.08
16/01/2018,14:58,1.43
16/01/2018,21:35,3.94
17/01/2018,03:04,1.52
17/01/2018,09:44,4.15
17/01/2018,15:32,1.31
17/01/2018,22:11,3.97
18/01/2018,03:37,1.47
18/01/2018,10:17,4.19
18/01/2018,16:05,1.23
18/01/2018,22:45,3.96
19/01/2018,04:11,1.45
19/01/2018,10:50,4.19
19/01/2018,16:38,1.19
19/01/2018,23:19,3.93
20/01/2018,04:44,1.47
20/01/2018,11:23,4.17
20/01/2018,17:13,1.21
20/01/2018,23:53,3.87
21/01/2018,05:18,1.53
21/01/2018,11:57,4.12
21/01/2018,17:48,1.27
22/01/2018,00:29,3.8
22/01/2018,05:55,1.63
22/01/2018,12:34,4.04
22/01/2018,18:26,1.36
23/01/2018,01:09,3.72
23/01/2018,06:35,1.76
23/01/2018,13:15,3.95
23/01/2018,19:11,1.49
24/01/2018,01:56,3.64
24/01/2018,07:22,1.91
24/01/2018,14:05,3.85
24/01/2018,20:05,1.62
25/01/2018,02:52,3.58
25/01/2018,08:25,2.04
25/01/2018,15:06,3.76
25/01/2018,21:14,1.73
26/01/2018,03:59,3.57
26/01/2018,09:45,2.08
26/01/2018,16:18,3.72
26/01/2018,22:33,1.74
27/01/2018,05:12,3.64
27/01/2018,11:11,1.96
27/01/2018,17:35,3.78
27/01/2018,23:50,1.65
28/01/2018,06:23,3.79
28/01/2018,12:26,1.67
28/01/2018,18:49,3.91
29/01/2018,00:53,1.48
29/01/2018,07:25,3.99
29/01/2018,13:25,1.31
29/01/2018,19:53,4.09
30/01/2018,01:47,1.29
30/01/2018,08:19,4.2
30/01/2018,14:17,0.95
30/01/2018,20:48,4.25
31/01/2018,02:35,1.14
31/01/2018,09:09,4.39
31/01/2018,15:05,0.65
31/01/2018,21:39,4.35
01/02/2018,03:20,1.03
01/02/2018,09:56,4.51
01/02/2018,15:52,0.47
01/02/2018,22:27,4.37
02/02/2018,04:04,1.01
02/02/2018,10:41,4.57
02/02/2018,16:37,0.44
02/02/2018,23:13,4.31
03/02/2018,04:45,1.08
03/02/2018,11:25,4.53
03/02/2018,17:21,0.55
03/02/2018,23:56,4.17
04/02/2018,05:25,1.22
04/02/2018,12:08,4.41
04/02/2018,18:04,0.8
05/02/2018,00:38,3.99
05/02/2018,06:03,1.43
05/02/2018,12:51,4.22
05/02/2018,18:47,1.13
06/02/2018,01:22,3.79
06/02/2018,06:43,1.68
06/02/2018,13:37,3.99
06/02/2018,19:32,1.49
07/02/2018,02:09,3.61
07/02/2018,07:28,1.95
07/02/2018,14:29,3.75
07/02/2018,20:26,1.82
08/02/2018,03:04,3.47
08/02/2018,08:30,2.18
08/02/2018,15:32,3.55
08/02/2018,21:39,2.05
09/02/2018,04:11,3.4
09/02/2018,10:11,2.29
09/02/2018,16:50,3.45
09/02/2018,23:02,2.13
10/02/2018,05:26,3.43
10/02/2018,11:47,2.19
10/02/2018,18:06,3.46
11/02/2018,00:08,2.06
11/02/2018,06:32,3.54
11/02/2018,12:47,1.98
11/02/2018,19:08,3.55
12/02/2018,00:57,1.92
12/02/2018,07:26,3.69
12/02/2018,13:30,1.75
12/02/2018,19:57,3.67
13/02/2018,01:37,1.77
13/02/2018,08:09,3.83
13/02/2018,14:07,1.53
13/02/2018,20:38,3.77
14/02/2018,02:12,1.61
14/02/2018,08:47,3.96
14/02/2018,14:41,1.32
14/02/2018,21:15,3.87
15/02/2018,02:46,1.45
15/02/2018,09:23,4.07
15/02/2018,15:13,1.14
15/02/2018,21:50,3.94
16/02/2018,03:19,1.31
16/02/2018,09:56,4.16
16/02/2018,15:45,1.01
16/02/2018,22:24,3.98
17/02/2018,03:52,1.21
17/02/2018,10:30,4.21
17/02/2018,16:18,0.92
17/02/2018,22:58,3.99
18/02/2018,04:25,1.17
18/02/2018,11:03,4.21
18/02/2018,16:51,0.91
18/02/2018,23:31,3.96
19/02/2018,04:59,1.19
19/02/2018,11:37,4.18
19/02/2018,17:25,0.96
20/02/2018,00:05,3.9
20/02/2018,05:34,1.27
20/02/2018,12:13,4.11
20/02/2018,18:02,1.07
21/02/2018,00:42,3.82
21/02/2018,06:11,1.4
21/02/2018,12:53,4.01
21/02/2018,18:41,1.25
22/02/2018,01:25,3.72
22/02/2018,06:56,1.58
22/02/2018,13:40,3.87
22/02/2018,19:31,1.48
23/02/2018,02:17,3.61
23/02/2018,07:53,1.78
23/02/2018,14:40,3.72
23/02/2018,20:38,1.72
24/02/2018,03:23,3.52
24/02/2018,09:15,1.91
24/02/2018,15:56,3.62
24/02/2018,22:06,1.86
25/02/2018,04:42,3.53
25/02/2018,10:54,1.83
25/02/2018,17:21,3.63
25/02/2018,23:37,1.8
26/02/2018,06:02,3.65
26/02/2018,12:17,1.54
26/02/2018,18:41,3.77
27/02/2018,00:46,1.61
27/02/2018,07:10,3.86
27/02/2018,13:17,1.16
27/02/2018,19:44,3.96
28/02/2018,01:38,1.37
28/02/2018,08:05,4.09
28/02/2018,14:07,0.8
28/02/2018,20:38,4.13
01/03/2018,02:23,1.15
01/03/2018,08:55,4.3
01/03/2018,14:53,0.52
01/03/2018,21:26,4.24
02/03/2018,03:05,0.98
02/03/2018,09:41,4.44
02/03/2018,15:35,0.36
02/03/2018,22:10,4.28
03/03/2018,03:45,0.89
03/03/2018,10:23,4.5
03/03/2018,16:17,0.35
03/03/2018,22:51,4.25
04/03/2018,04:23,0.89
04/03/2018,11:05,4.47
04/03/2018,16:56,0.5
04/03/2018,23:30,4.14
05/03/2018,05:00,0.99
05/03/2018,11:44,4.34
05/03/2018,17:32,0.76
06/03/2018,00:08,3.99
06/03/2018,05:35,1.18
06/03/2018,12:23,4.14
06/03/2018,18:08,1.1
07/03/2018,00:45,3.81
07/03/2018,06:10,1.42
07/03/2018,13:04,3.9
07/03/2018,18:44,1.46
08/03/2018,01:25,3.64
08/03/2018,06:48,1.7
08/03/2018,13:49,3.65
08/03/2018,19:26,1.81
09/03/2018,02:11,3.47
09/03/2018,07:38,1.97
09/03/2018,14:46,3.43
09/03/2018,20:25,2.11
10/03/2018,03:10,3.35
10/03/2018,09:02,2.18
10/03/2018,16:02,3.29
10/03/2018,22:02,2.27
11/03/2018,04:28,3.3
11/03/2018,11:08,2.15
11/03/2018,17:30,3.29
11/03/2018,23:34,2.2
12/03/2018,05:49,3.37
12/03/2018,12:19,1.94
12/03/2018,18:41,3.39
13/03/2018,00:32,2.02
13/03/2018,06:52,3.51
13/03/2018,13:06,1.69
13/03/2018,19:32,3.54
14/03/2018,01:14,1.81
14/03/2018,07:40,3.67
14/03/2018,13:43,1.44
14/03/2018,20:14,3.68
15/03/2018,01:50,1.59
15/03/2018,08:20,3.83
15/03/2018,14:16,1.2
15/03/2018,20:50,3.82
16/03/2018,02:23,1.37
16/03/2018,08:56,3.98
16/03/2018,14:48,0.99
16/03/2018,21:25,3.93
17/03/2018,02:56,1.16
17/03/2018,09:32,4.11
17/03/2018,15:20,0.81
17/03/2018,21:59,4.02
18/03/2018,03:29,1.01
18/03/2018,10:06,4.19
18/03/2018,15:53,0.7
18/03/2018,22:33,4.06
19/03/2018,04:04,0.92
19/03/2018,10:41,4.23
19/03/2018,16:27,0.67
19/03/2018,23:08,4.06
20/03/2018,04:38,0.91
20/03/2018,11:17,4.21
20/03/2018,17:02,0.75
20/03/2018,23:42,4
21/03/2018,05:15,0.97
21/03/2018,11:54,4.14
21/03/2018,17:39,0.91
22/03/2018,00:20,3.91
22/03/2018,05:54,1.12
22/03/2018,12:35,4.01
22/03/2018,18:20,1.16
23/03/2018,01:02,3.79
23/03/2018,06:40,1.32
23/03/2018,13:25,3.84
23/03/2018,19:08,1.47
24/03/2018,01:53,3.64
24/03/2018,07:38,1.55
24/03/2018,14:26,3.65
24/03/2018,20:16,1.79
25/03/2018,02:59,3.51
25/03/2018,09:05,1.7
25/03/2018,15:46,3.52
25/03/2018,21:53,1.96
26/03/2018,04:21,3.48
26/03/2018,10:48,1.61
26/03/2018,17:17,3.54
26/03/2018,23:29,1.89
27/03/2018,05:45,3.59
27/03/2018,12:08,1.33
27/03/2018,18:34,3.69
28/03/2018,00:35,1.66
28/03/2018,06:54,3.79
28/03/2018,13:05,0.99
28/03/2018,19:34,3.87
29/03/2018,01:26,1.41
29/03/2018,07:49,4.01
29/03/2018,13:52,0.71
29/03/2018,20:23,4.02
30/03/2018,02:08,1.17
30/03/2018,08:37,4.19
30/03/2018,14:34,0.51
30/03/2018,21:08,4.13
31/03/2018,02:47,0.97
31/03/2018,09:21,4.32
31/03/2018,15:14,0.42
31/03/2018,21:48,4.18
01/04/2018,03:24,0.85
01/04/2018,10:02,4.36
01/04/2018,15:51,0.45
01/04/2018,22:26,4.17
02/04/2018,04:00,0.82
02/04/2018,10:42,4.31
02/04/2018,16:26,0.6
02/04/2018,23:03,4.1
03/04/2018,04:35,0.89
03/04/2018,11:20,4.19
03/04/2018,17:00,0.85
03/04/2018,23:38,3.99
04/04/2018,05:09,1.05
04/04/2018,11:57,4
04/04/2018,17:32,1.15
05/04/2018,00:12,3.85
05/04/2018,05:43,1.27
05/04/2018,12:35,3.79
05/04/2018,18:05,1.47
06/04/2018,00:47,3.69
06/04/2018,06:19,1.51
06/04/2018,13:17,3.57
06/04/2018,18:42,1.79
07/04/2018,01:29,3.53
07/04/2018,07:04,1.77
07/04/2018,14:08,3.37
07/04/2018,19:32,2.08
08/04/2018,02:20,3.39
08/04/2018,08:12,1.99
08/04/2018,15:16,3.22
08/04/2018,20:54,2.29
09/04/2018,03:27,3.29
09/04/2018,10:09,2.05
09/04/2018,16:43,3.19
09/04/2018,22:44,2.28
10/04/2018,04:50,3.28
10/04/2018,11:35,1.88
10/04/2018,18:01,3.29
10/04/2018,23:55,2.1
11/04/2018,06:04,3.38
11/04/2018,12:29,1.64
11/04/2018,18:56,3.44
12/04/2018,00:43,1.86
12/04/2018,06:59,3.54
12/04/2018,13:08,1.39
12/04/2018,19:40,3.61
13/04/2018,01:20,1.6
13/04/2018,07:43,3.71
13/04/2018,13:43,1.14
13/04/2018,20:18,3.77
14/04/2018,01:55,1.34
14/04/2018,08:23,3.89
14/04/2018,14:17,0.91
14/04/2018,20:54,3.92
15/04/2018,02:29,1.1
15/04/2018,09:02,4.05
15/04/2018,14:50,0.71
15/04/2018,21:31,4.05
16/04/2018,03:05,0.9
16/04/2018,09:40,4.17
16/04/2018,15:26,0.6
16/04/2018,22:07,4.12
17/04/2018,03:41,0.77
17/04/2018,10:19,4.23
17/04/2018,16:02,0.58
17/04/2018,22:44,4.14
18/04/2018,04:20,0.72
18/04/2018,10:58,4.22
18/04/2018,16:41,0.69
18/04/2018,23:22,4.1
19/04/2018,04:59,0.77
19/04/2018,11:40,4.14
19/04/2018,17:20,0.9
20/04/2018,00:02,4
20/04/2018,05:43,0.91
20/04/2018,12:25,4
20/04/2018,18:05,1.19
21/04/2018,00:46,3.87
21/04/2018,06:33,1.1
21/04/2018,13:17,3.81
21/04/2018,18:56,1.54
22/04/2018,01:38,3.71
22/04/2018,07:37,1.32
22/04/2018,14:22,3.62
22/04/2018,20:06,1.85
23/04/2018,02:44,3.57
23/04/2018,09:05,1.44
23/04/2018,15:43,3.5
23/04/2018,21:44,2
24/04/2018,04:05,3.53
24/04/2018,10:38,1.37
24/04/2018,17:08,3.52
24/04/2018,23:13,1.91
25/04/2018,05:26,3.61
25/04/2018,11:50,1.16
25/04/2018,18:20,3.65
26/04/2018,00:17,1.7
26/04/2018,06:33,3.77
26/04/2018,12:46,0.94
26/04/2018,19:16,3.79
27/04/2018,01:06,1.46
27/04/2018,07:29,3.93
27/04/2018,13:32,0.77
27/04/2018,20:03,3.92
28/04/2018,01:47,1.24
28/04/2018,08:17,4.06
28/04/2018,14:11,0.67
28/04/2018,20:45,4.01
29/04/2018,02:25,1.06
29/04/2018,09:00,4.14
29/04/2018,14:48,0.65
29/04/2018,21:24,4.07
30/04/2018,03:02,0.93
30/04/2018,09:41,4.16
30/04/2018,15:23,0.7
30/04/2018,22:01,4.09
01/05/2018,03:38,0.89
01/05/2018,10:20,4.11
01/05/2018,15:58,0.83
01/05/2018,22:36,4.06
02/05/2018,04:13,0.93
02/05/2018,10:57,4.01
02/05/2018,16:31,1.03
02/05/2018,23:10,3.99
03/05/2018,04:47,1.04
03/05/2018,11:34,3.87
03/05/2018,17:03,1.26
03/05/2018,23:44,3.88
04/05/2018,05:21,1.2
04/05/2018,12:11,3.71
04/05/2018,17:35,1.51
05/05/2018,00:18,3.76
05/05/2018,05:58,1.39
05/05/2018,12:50,3.54
05/05/2018,18:11,1.76
06/05/2018,00:56,3.63
06/05/2018,06:41,1.6
06/05/2018,13:37,3.38
06/05/2018,18:56,2
07/05/2018,01:41,3.49
07/05/2018,07:38,1.78
07/05/2018,14:35,3.25
07/05/2018,20:01,2.2
08/05/2018,02:38,3.37
08/05/2018,09:03,1.87
08/05/2018,15:47,3.2
08/05/2018,21:34,2.26
09/05/2018,03:48,3.32
09/05/2018,10:32,1.8
09/05/2018,17:04,3.25
09/05/2018,22:57,2.14
10/05/2018,05:01,3.35
10/05/2018,11:36,1.62
10/05/2018,18:07,3.38
10/05/2018,23:56,1.93
11/05/2018,06:05,3.48
11/05/2018,12:23,1.4
11/05/2018,18:56,3.55
12/05/2018,00:41,1.67
12/05/2018,06:58,3.64
12/05/2018,13:04,1.16
12/05/2018,19:39,3.73
13/05/2018,01:21,1.4
13/05/2018,07:44,3.83
13/05/2018,13:41,0.93
13/05/2018,20:20,3.91
14/05/2018,02:00,1.13
14/05/2018,08:29,4.01
14/05/2018,14:20,0.75
14/05/2018,21:01,4.06
15/05/2018,02:40,0.89
15/05/2018,09:14,4.15
15/05/2018,15:00,0.64
15/05/2018,21:41,4.17
16/05/2018,03:21,0.72
16/05/2018,09:58,4.23
16/05/2018,15:41,0.64
16/05/2018,22:22,4.21
17/05/2018,04:04,0.63
17/05/2018,10:42,4.23
17/05/2018,16:23,0.75
17/05/2018,23:04,4.19
18/05/2018,04:49,0.63
18/05/2018,11:29,4.15
18/05/2018,17:08,0.96
18/05/2018,23:47,4.11
19/05/2018,05:37,0.73
19/05/2018,12:18,4.01
19/05/2018,17:55,1.25
20/05/2018,00:34,3.99
20/05/2018,06:31,0.89
20/05/2018,13:13,3.83
20/05/2018,18:49,1.56
21/05/2018,01:27,3.84
21/05/2018,07:36,1.08
21/05/2018,14:17,3.66
21/05/2018,19:56,1.83
22/05/2018,02:31,3.71
22/05/2018,08:56,1.2
22/05/2018,15:31,3.54
22/05/2018,21:23,1.96
23/05/2018,03:45,3.64
23/05/2018,10:16,1.21
23/05/2018,16:47,3.53
23/05/2018,22:44,1.92
24/05/2018,05:00,3.66
24/05/2018,11:25,1.14
24/05/2018,17:53,3.6
24/05/2018,23:50,1.77
25/05/2018,06:07,3.74
25/05/2018,12:21,1.06
25/05/2018,18:50,3.7
26/05/2018,00:42,1.58
26/05/2018,07:04,3.83
26/05/2018,13:07,1
26/05/2018,19:38,3.81
27/05/2018,01:25,1.39
27/05/2018,07:54,3.91
27/05/2018,13:46,0.98
27/05/2018,20:20,3.9
28/05/2018,02:05,1.23
28/05/2018,08:38,3.95
28/05/2018,14:23,0.98
28/05/2018,20:59,3.97
29/05/2018,02:42,1.11
29/05/2018,09:20,3.96
29/05/2018,14:58,1.02
29/05/2018,21:37,4.02
30/05/2018,03:18,1.04
30/05/2018,09:59,3.94
30/05/2018,15:32,1.1
30/05/2018,22:12,4.02
31/05/2018,03:54,1.04
31/05/2018,10:37,3.88
31/05/2018,16:06,1.22
31/05/2018,22:46,3.99
01/06/2018,04:29,1.09
01/06/2018,11:14,3.79
01/06/2018,16:39,1.36
01/06/2018,23:20,3.93
02/06/2018,05:04,1.18
02/06/2018,11:50,3.69
02/06/2018,17:13,1.53
02/06/2018,23:54,3.84
03/06/2018,05:41,1.3
03/06/2018,12:29,3.57
03/06/2018,17:49,1.7
04/06/2018,00:31,3.74
04/06/2018,06:21,1.43
04/06/2018,13:10,3.45
04/06/2018,18:30,1.87
05/06/2018,01:12,3.63
05/06/2018,07:09,1.57
05/06/2018,13:59,3.35
05/06/2018,19:21,2.03
06/06/2018,02:00,3.52
06/06/2018,08:10,1.67
06/06/2018,14:56,3.29
06/06/2018,20:29,2.13
07/06/2018,02:58,3.45
07/06/2018,09:22,1.69
07/06/2018,16:01,3.3
07/06/2018,21:47,2.11
08/06/2018,04:02,3.43
08/06/2018,10:30,1.61
08/06/2018,17:06,3.38
08/06/2018,22:56,1.98
09/06/2018,05:08,3.5
09/06/2018,11:29,1.45
09/06/2018,18:05,3.52
09/06/2018,23:55,1.77
10/06/2018,06:10,3.63
10/06/2018,12:20,1.26
10/06/2018,18:58,3.7
11/06/2018,00:46,1.5
11/06/2018,07:06,3.8
11/06/2018,13:08,1.06
11/06/2018,19:46,3.89
12/06/2018,01:32,1.22
12/06/2018,08:00,3.97
12/06/2018,13:53,0.89
12/06/2018,20:32,4.06
13/06/2018,02:19,0.94
13/06/2018,08:51,4.12
13/06/2018,14:38,0.79
13/06/2018,21:18,4.19
14/06/2018,03:05,0.71
14/06/2018,09:41,4.22
14/06/2018,15:24,0.77
14/06/2018,22:04,4.27
15/06/2018,03:52,0.55
15/06/2018,10:30,4.25
15/06/2018,16:10,0.85
15/06/2018,22:49,4.29
16/06/2018,04:40,0.49
16/06/2018,11:20,4.2
16/06/2018,16:57,1.01
16/06/2018,23:35,4.25
17/06/2018,05:31,0.54
17/06/2018,12:10,4.08
17/06/2018,17:45,1.23
18/06/2018,00:23,4.16
18/06/2018,06:25,0.68
18/06/2018,13:04,3.91
18/06/2018,18:37,1.48
19/06/2018,01:15,4.03
19/06/2018,07:26,0.87
19/06/2018,14:02,3.74
19/06/2018,19:35,1.71
20/06/2018,02:13,3.88
20/06/2018,08:35,1.06
20/06/2018,15:06,3.6
20/06/2018,20:46,1.88
21/06/2018,03:18,3.76
21/06/2018,09:44,1.21
21/06/2018,16:14,3.53
21/06/2018,22:02,1.94
22/06/2018,04:28,3.69
22/06/2018,10:51,1.3
22/06/2018,17:19,3.53
22/06/2018,23:15,1.88
23/06/2018,05:36,3.68
23/06/2018,11:51,1.34
23/06/2018,18:18,3.6
24/06/2018,00:16,1.74
24/06/2018,06:38,3.7
24/06/2018,12:41,1.34
24/06/2018,19:10,3.7
25/06/2018,01:05,1.58
25/06/2018,07:32,3.75
25/06/2018,13:23,1.34
25/06/2018,19:56,3.8
26/06/2018,01:47,1.43
26/06/2018,08:19,3.79
26/06/2018,14:00,1.32
26/06/2018,20:37,3.9
27/06/2018,02:26,1.29
27/06/2018,09:02,3.82
27/06/2018,14:36,1.31
27/06/2018,21:15,3.97
28/06/2018,03:02,1.19
28/06/2018,09:42,3.83
28/06/2018,15:11,1.32
28/06/2018,21:51,4.01
29/06/2018,03:38,1.12
29/06/2018,10:20,3.82
29/06/2018,15:45,1.34
29/06/2018,22:26,4.02
30/06/2018,04:13,1.1
30/06/2018,10:56,3.79
30/06/2018,16:20,1.39
30/06/2018,22:59,4
01/07/2018,04:48,1.12
01/07/2018,11:31,3.73
01/07/2018,16:53,1.47
01/07/2018,23:33,3.95
02/07/2018,05:23,1.18
02/07/2018,12:07,3.66
02/07/2018,17:29,1.57
03/07/2018,00:08,3.88
03/07/2018,06:00,1.26
03/07/2018,12:44,3.58
03/07/2018,18:06,1.68
04/07/2018,00:46,3.79
04/07/2018,06:41,1.37
04/07/2018,13:26,3.5
04/07/2018,18:48,1.81
05/07/2018,01:28,3.7
05/07/2018,07:27,1.47
05/07/2018,14:13,3.43
05/07/2018,19:39,1.93
06/07/2018,02:17,3.61
06/07/2018,08:23,1.56
06/07/2018,15:08,3.4
06/07/2018,20:44,2.01
07/07/2018,03:15,3.56
07/07/2018,09:29,1.59
07/07/2018,16:11,3.43
07/07/2018,21:57,1.99
08/07/2018,04:21,3.56
08/07/2018,10:36,1.54
08/07/2018,17:16,3.52
08/07/2018,23:09,1.86
09/07/2018,05:29,3.63
09/07/2018,11:41,1.43
09/07/2018,18:18,3.67
10/07/2018,00:14,1.61
10/07/2018,06:35,3.77
10/07/2018,12:40,1.27
10/07/2018,19:16,3.85
11/07/2018,01:11,1.31
11/07/2018,07:38,3.94
11/07/2018,13:33,1.11
11/07/2018,20:09,4.04
12/07/2018,02:03,0.98
12/07/2018,08:35,4.1
12/07/2018,14:23,0.98
12/07/2018,20:59,4.21
13/07/2018,02:53,0.68
13/07/2018,09:28,4.23
13/07/2018,15:11,0.91
13/07/2018,21:47,4.34
14/07/2018,03:41,0.45
14/07/2018,10:19,4.29
14/07/2018,15:58,0.91
14/07/2018,22:35,4.41
15/07/2018,04:30,0.34
15/07/2018,11:08,4.26
15/07/2018,16:44,0.99
15/07/2018,23:21,4.41
16/07/2018,05:20,0.36
16/07/2018,11:57,4.16
16/07/2018,17:29,1.14
17/07/2018,00:08,4.34
17/07/2018,06:10,0.52
17/07/2018,12:46,4
17/07/2018,18:16,1.34
18/07/2018,00:56,4.2
18/07/2018,07:02,0.77
18/07/2018,13:36,3.82
18/07/2018,19:04,1.57
19/07/2018,01:47,4.02
19/07/2018,07:59,1.08
19/07/2018,14:31,3.64
19/07/2018,20:00,1.8
20/07/2018,02:45,3.82
20/07/2018,09:02,1.37
20/07/2018,15:31,3.52
20/07/2018,21:11,1.97
21/07/2018,03:51,3.66
21/07/2018,10:09,1.59
21/07/2018,16:36,3.47
21/07/2018,22:35,2.02
22/07/2018,05:02,3.57
22/07/2018,11:17,1.7
22/07/2018,17:41,3.51
22/07/2018,23:51,1.93
23/07/2018,06:11,3.56
23/07/2018,12:14,1.71
23/07/2018,18:41,3.61
24/07/2018,00:48,1.76
24/07/2018,07:11,3.61
24/07/2018,13:01,1.67
24/07/2018,19:32,3.73
25/07/2018,01:33,1.58
25/07/2018,08:02,3.68
25/07/2018,13:41,1.6
25/07/2018,20:16,3.85
26/07/2018,02:12,1.42
26/07/2018,08:45,3.75
26/07/2018,14:17,1.52
26/07/2018,20:55,3.95
27/07/2018,02:47,1.26
27/07/2018,09:24,3.81
27/07/2018,14:53,1.44
27/07/2018,21:32,4.02
28/07/2018,03:22,1.14
28/07/2018,10:01,3.84
28/07/2018,15:26,1.38
28/07/2018,22:06,4.07
29/07/2018,03:55,1.06
29/07/2018,10:36,3.86
29/07/2018,16:00,1.35
29/07/2018,22:39,4.08
30/07/2018,04:29,1.02
30/07/2018,11:10,3.84
30/07/2018,16:33,1.35
30/07/2018,23:12,4.07
31/07/2018,05:02,1.03
31/07/2018,11:44,3.8
31/07/2018,17:07,1.4
31/07/2018,23:45,4.02
01/08/2018,05:35,1.1
01/08/2018,12:17,3.73
01/08/2018,17:41,1.48
02/08/2018,00:20,3.95
02/08/2018,06:11,1.2
02/08/2018,12:54,3.66
02/08/2018,18:19,1.6
03/08/2018,00:59,3.86
03/08/2018,06:50,1.33
03/08/2018,13:35,3.59
03/08/2018,19:02,1.75
04/08/2018,01:43,3.76
04/08/2018,07:38,1.48
04/08/2018,14:26,3.53
04/08/2018,19:56,1.89
05/08/2018,02:38,3.66
05/08/2018,08:39,1.62
05/08/2018,15:26,3.5
05/08/2018,21:10,1.98
06/08/2018,03:45,3.6
06/08/2018,09:54,1.7
06/08/2018,16:35,3.53
06/08/2018,22:35,1.92
07/08/2018,05:00,3.62
07/08/2018,11:13,1.66
07/08/2018,17:47,3.65
07/08/2018,23:55,1.68
08/08/2018,06:16,3.74
08/08/2018,12:23,1.52
08/08/2018,18:53,3.83
09/08/2018,00:59,1.33
09/08/2018,07:24,3.92
09/08/2018,13:21,1.34
09/08/2018,19:51,4.04
10/08/2018,01:53,0.95
10/08/2018,08:23,4.1
10/08/2018,14:11,1.15
10/08/2018,20:44,4.25
11/08/2018,02:42,0.61
11/08/2018,09:16,4.26
11/08/2018,14:59,1
11/08/2018,21:32,4.42
12/08/2018,03:29,0.35
12/08/2018,10:05,4.34
12/08/2018,15:43,0.92
12/08/2018,22:19,4.53
13/08/2018,04:15,0.24
13/08/2018,10:52,4.33
13/08/2018,16:26,0.93
13/08/2018,23:04,4.54
14/08/2018,05:01,0.29
14/08/2018,11:37,4.24
14/08/2018,17:08,1.03
14/08/2018,23:48,4.46
15/08/2018,05:45,0.5
15/08/2018,12:20,4.08
15/08/2018,17:48,1.22
16/08/2018,00:32,4.29
16/08/2018,06:29,0.83
16/08/2018,13:04,3.89
16/08/2018,18:29,1.47
17/08/2018,01:18,4.07
17/08/2018,07:15,1.22
17/08/2018,13:50,3.7
17/08/2018,19:15,1.74
18/08/2018,02:10,3.82
18/08/2018,08:07,1.61
18/08/2018,14:44,3.54
18/08/2018,20:15,2
19/08/2018,03:11,3.6
19/08/2018,09:14,1.92
19/08/2018,15:47,3.45
19/08/2018,21:50,2.15
20/08/2018,04:27,3.46
20/08/2018,10:36,2.07
20/08/2018,16:59,3.45
20/08/2018,23:27,2.09
21/08/2018,05:45,3.44
21/08/2018,11:48,2.06
21/08/2018,18:09,3.54
22/08/2018,00:32,1.89
22/08/2018,06:51,3.52
22/08/2018,12:41,1.95
22/08/2018,19:06,3.68
23/08/2018,01:18,1.68
23/08/2018,07:43,3.63
23/08/2018,13:23,1.81
23/08/2018,19:53,3.82
24/08/2018,01:56,1.47
24/08/2018,08:26,3.75
24/08/2018,13:59,1.65
24/08/2018,20:32,3.94
25/08/2018,02:29,1.28
25/08/2018,09:04,3.84
25/08/2018,14:33,1.5
25/08/2018,21:08,4.05
26/08/2018,03:01,1.12
26/08/2018,09:38,3.92
26/08/2018,15:05,1.37
26/08/2018,21:43,4.13
27/08/2018,03:32,0.99
27/08/2018,10:12,3.97
27/08/2018,15:38,1.27
27/08/2018,22:16,4.18
28/08/2018,04:04,0.92
28/08/2018,10:45,3.98
28/08/2018,16:11,1.23
28/08/2018,22:49,4.19
29/08/2018,04:36,0.92
29/08/2018,11:17,3.96
29/08/2018,16:44,1.24
29/08/2018,23:22,4.15
30/08/2018,05:08,0.98
30/08/2018,11:50,3.91
30/08/2018,17:17,1.32
30/08/2018,23:56,4.09
31/08/2018,05:42,1.1
31/08/2018,12:25,3.84
31/08/2018,17:53,1.44
01/09/2018,00:32,3.99
01/09/2018,06:19,1.28
01/09/2018,13:04,3.76
01/09/2018,18:33,1.61
02/09/2018,01:17,3.87
02/09/2018,07:03,1.5
02/09/2018,13:51,3.66
02/09/2018,19:25,1.8
03/09/2018,02:11,3.73
03/09/2018,08:01,1.75
03/09/2018,14:50,3.58
03/09/2018,20:40,1.96
04/09/2018,03:21,3.61
04/09/2018,09:24,1.93
04/09/2018,16:05,3.55
04/09/2018,22:18,1.93
05/09/2018,04:45,3.6
05/09/2018,10:59,1.93
05/09/2018,17:25,3.64
05/09/2018,23:46,1.66
06/09/2018,06:08,3.73
06/09/2018,12:15,1.76
06/09/2018,18:37,3.84
07/09/2018,00:50,1.28
07/09/2018,07:16,3.93
07/09/2018,13:12,1.52
07/09/2018,19:36,4.08
08/09/2018,01:42,0.89
08/09/2018,08:12,4.13
08/09/2018,13:59,1.28
08/09/2018,20:28,4.3
09/09/2018,02:29,0.56
09/09/2018,09:02,4.29
09/09/2018,14:43,1.07
09/09/2018,21:15,4.48
10/09/2018,03:12,0.35
10/09/2018,09:47,4.37
10/09/2018,15:24,0.94
10/09/2018,21:59,4.59
11/09/2018,03:54,0.29
11/09/2018,10:30,4.37
11/09/2018,16:04,0.91
11/09/2018,22:43,4.59
12/09/2018,04:35,0.4
12/09/2018,11:11,4.29
12/09/2018,16:42,0.99
12/09/2018,23:24,4.48
13/09/2018,05:14,0.66
13/09/2018,11:50,4.15
13/09/2018,17:20,1.17
14/09/2018,00:05,4.29
14/09/2018,05:52,1.03
14/09/2018,12:29,3.97
14/09/2018,17:57,1.42
15/09/2018,00:48,4.05
15/09/2018,06:30,1.44
15/09/2018,13:10,3.79
15/09/2018,18:37,1.71
16/09/2018,01:35,3.78
16/09/2018,07:11,1.84
16/09/2018,13:56,3.62
16/09/2018,19:28,2.01
17/09/2018,02:32,3.54
17/09/2018,08:08,2.18
17/09/2018,14:54,3.49
17/09/2018,20:56,2.23
18/09/2018,03:48,3.38
18/09/2018,09:44,2.38
18/09/2018,16:10,3.44
18/09/2018,22:56,2.2
19/09/2018,05:15,3.37
19/09/2018,11:17,2.35
19/09/2018,17:30,3.5
20/09/2018,00:06,1.99
20/09/2018,06:26,3.48
20/09/2018,12:17,2.18
20/09/2018,18:35,3.63
21/09/2018,00:54,1.75
21/09/2018,07:19,3.63
21/09/2018,13:01,1.97
21/09/2018,19:24,3.78
22/09/2018,01:31,1.52
22/09/2018,08:01,3.77
22/09/2018,13:37,1.76
22/09/2018,20:05,3.93
23/09/2018,02:03,1.31
23/09/2018,08:38,3.89
23/09/2018,14:09,1.56
23/09/2018,20:41,4.06
24/09/2018,02:34,1.12
24/09/2018,09:11,4
24/09/2018,14:41,1.37
24/09/2018,21:15,4.17
25/09/2018,03:05,0.98
25/09/2018,09:44,4.08
25/09/2018,15:14,1.23
25/09/2018,21:50,4.25
26/09/2018,03:36,0.89
26/09/2018,10:17,4.13
26/09/2018,15:47,1.15
26/09/2018,22:23,4.28
27/09/2018,04:08,0.88
27/09/2018,10:50,4.13
27/09/2018,16:20,1.14
27/09/2018,22:58,4.26
28/09/2018,04:41,0.95
28/09/2018,11:23,4.09
28/09/2018,16:55,1.2
28/09/2018,23:33,4.19
29/09/2018,05:16,1.11
29/09/2018,11:59,4.02
29/09/2018,17:32,1.33
30/09/2018,00:12,4.08
30/09/2018,05:53,1.34
30/09/2018,12:38,3.92
30/09/2018,18:14,1.51
01/10/2018,00:58,3.93
01/10/2018,06:38,1.63
01/10/2018,13:25,3.79
01/10/2018,19:08,1.73
02/10/2018,01:56,3.76
02/10/2018,07:38,1.94
02/10/2018,14:26,3.67
02/10/2018,20:28,1.89
03/10/2018,03:10,3.62
03/10/2018,09:08,2.17
03/10/2018,15:43,3.61
03/10/2018,22:12,1.85
04/10/2018,04:39,3.62
04/10/2018,10:51,2.14
04/10/2018,17:08,3.69
04/10/2018,23:37,1.57
05/10/2018,06:02,3.76
05/10/2018,12:05,1.93
05/10/2018,18:20,3.89
06/10/2018,00:38,1.21
06/10/2018,07:05,3.96
06/10/2018,12:59,1.66
06/10/2018,19:19,4.12
07/10/2018,01:26,0.88
07/10/2018,07:57,4.15
07/10/2018,13:43,1.4
07/10/2018,20:09,4.33
08/10/2018,02:10,0.64
08/10/2018,08:43,4.29
08/10/2018,14:23,1.18
08/10/2018,20:56,4.48
09/10/2018,02:50,0.52
09/10/2018,09:26,4.36
09/10/2018,15:02,1.03
09/10/2018,21:38,4.55
10/10/2018,03:29,0.53
10/10/2018,10:05,4.37
10/10/2018,15:40,0.98
10/10/2018,22:20,4.53
11/10/2018,04:07,0.67
11/10/2018,10:44,4.32
11/10/2018,16:17,1.04
11/10/2018,23:00,4.41
12/10/2018,04:43,0.94
12/10/2018,11:20,4.21
12/10/2018,16:53,1.2
12/10/2018,23:40,4.22
13/10/2018,05:17,1.28
13/10/2018,11:56,4.07
13/10/2018,17:29,1.43
14/10/2018,00:20,3.99
14/10/2018,05:51,1.64
14/10/2018,12:34,3.91
14/10/2018,18:08,1.7
15/10/2018,01:03,3.75
15/10/2018,06:28,2
15/10/2018,13:15,3.74
15/10/2018,18:53,1.97
16/10/2018,01:56,3.53
16/10/2018,07:15,2.32
16/10/2018,14:06,3.59
16/10/2018,20:03,2.21
17/10/2018,03:05,3.38
17/10/2018,08:35,2.55
17/10/2018,15:14,3.49
17/10/2018,22:04,2.25
18/10/2018,04:32,3.35
18/10/2018,10:28,2.55
18/10/2018,16:36,3.49
18/10/2018,23:26,2.08
19/10/2018,05:49,3.45
19/10/2018,11:41,2.37
19/10/2018,17:50,3.58
20/10/2018,00:18,1.84
20/10/2018,06:44,3.61
20/10/2018,12:29,2.14
20/10/2018,18:44,3.73
21/10/2018,00:57,1.61
21/10/2018,07:28,3.76
21/10/2018,13:07,1.9
21/10/2018,19:29,3.89
22/10/2018,01:31,1.4
22/10/2018,08:05,3.92
22/10/2018,13:41,1.66
22/10/2018,20:07,4.04
23/10/2018,02:02,1.2
23/10/2018,08:39,4.06
23/10/2018,14:14,1.44
23/10/2018,20:44,4.18
24/10/2018,02:34,1.04
24/10/2018,09:14,4.17
24/10/2018,14:47,1.26
24/10/2018,21:21,4.29
25/10/2018,03:07,0.94
25/10/2018,09:49,4.25
25/10/2018,15:23,1.14
25/10/2018,21:58,4.34
26/10/2018,03:41,0.93
26/10/2018,10:24,4.28
26/10/2018,15:59,1.09
26/10/2018,22:36,4.33
27/10/2018,04:17,1.01
27/10/2018,10:59,4.25
27/10/2018,16:37,1.12
27/10/2018,23:16,4.27
28/10/2018,04:55,1.19
28/10/2018,11:38,4.18
28/10/2018,17:18,1.23
28/10/2018,23:59,4.15
29/10/2018,05:36,1.46
29/10/2018,12:20,4.07
29/10/2018,18:05,1.4
30/10/2018,00:48,3.98
30/10/2018,06:24,1.77
30/10/2018,13:08,3.93
30/10/2018,19:03,1.6
31/10/2018,01:48,3.8
31/10/2018,07:26,2.09
31/10/2018,14:08,3.79
31/10/2018,20:25,1.74
01/11/2018,03:04,3.67
01/11/2018,08:57,2.29
01/11/2018,15:26,3.73
01/11/2018,22:01,1.69
02/11/2018,04:31,3.67
02/11/2018,10:35,2.26
02/11/2018,16:48,3.78
02/11/2018,23:19,1.48
03/11/2018,05:47,3.79
03/11/2018,11:46,2.05
03/11/2018,18:00,3.94
04/11/2018,00:19,1.22
04/11/2018,06:47,3.96
04/11/2018,12:39,1.8
04/11/2018,18:59,4.12
05/11/2018,01:07,1.02
05/11/2018,07:37,4.11
05/11/2018,13:23,1.56
05/11/2018,19:49,4.28
06/11/2018,01:48,0.89
06/11/2018,08:21,4.23
06/11/2018,14:03,1.35
06/11/2018,20:35,4.38
07/11/2018,02:27,0.84
07/11/2018,09:02,4.3
07/11/2018,14:41,1.21
07/11/2018,21:18,4.42
08/11/2018,03:04,0.89
08/11/2018,09:41,4.33
08/11/2018,15:19,1.14
08/11/2018,21:59,4.38
09/11/2018,03:40,1.03
09/11/2018,10:17,4.31
09/11/2018,15:56,1.17
09/11/2018,22:38,4.28
10/11/2018,04:14,1.24
10/11/2018,10:53,4.25
10/11/2018,16:32,1.28
10/11/2018,23:17,4.12
11/11/2018,04:47,1.5
11/11/2018,11:28,4.14
11/11/2018,17:08,1.45
11/11/2018,23:56,3.94
12/11/2018,05:20,1.78
12/11/2018,12:04,4.02
12/11/2018,17:45,1.66
13/11/2018,00:37,3.76
13/11/2018,05:56,2.05
13/11/2018,12:42,3.88
13/11/2018,18:28,1.88
14/11/2018,01:23,3.58
14/11/2018,06:38,2.3
14/11/2018,13:27,3.73
14/11/2018,19:23,2.07
15/11/2018,02:21,3.44
15/11/2018,07:38,2.51
15/11/2018,14:23,3.61
15/11/2018,20:49,2.18
16/11/2018,03:34,3.38
16/11/2018,09:10,2.61
16/11/2018,15:32,3.54
16/11/2018,22:22,2.12
17/11/2018,04:51,3.42
17/11/2018,10:41,2.51
17/11/2018,16:47,3.57
17/11/2018,23:26,1.96
18/11/2018,05:55,3.55
18/11/2018,11:43,2.31
18/11/2018,17:50,3.67
19/11/2018,00:14,1.75
19/11/2018,06:44,3.7
19/11/2018,12:29,2.07
19/11/2018,18:43,3.82
20/11/2018,00:52,1.54
20/11/2018,07:26,3.87
20/11/2018,13:08,1.82
20/11/2018,19:28,3.98
21/11/2018,01:27,1.35
21/11/2018,08:05,4.04
21/11/2018,13:44,1.57
21/11/2018,20:11,4.14
22/11/2018,02:03,1.18
22/11/2018,08:43,4.19
22/11/2018,14:22,1.34
22/11/2018,20:53,4.27
23/11/2018,02:40,1.06
23/11/2018,09:21,4.3
23/11/2018,15:01,1.16
23/11/2018,21:35,4.35
24/11/2018,03:18,1.04
24/11/2018,10:00,4.37
24/11/2018,15:41,1.05
24/11/2018,22:19,4.37
25/11/2018,03:59,1.1
25/11/2018,10:41,4.37
25/11/2018,16:24,1.02
25/11/2018,23:03,4.32
26/11/2018,04:41,1.27
26/11/2018,11:22,4.32
26/11/2018,17:10,1.07
26/11/2018,23:50,4.21
27/11/2018,05:26,1.51
27/11/2018,12:07,4.22
27/11/2018,18:01,1.2
28/11/2018,00:42,4.05
28/11/2018,06:16,1.79
28/11/2018,12:57,4.1
28/11/2018,19:01,1.36
29/11/2018,01:41,3.88
29/11/2018,07:15,2.06
29/11/2018,13:55,3.97
29/11/2018,20:16,1.49
30/11/2018,02:52,3.74
30/11/2018,08:34,2.25
30/11/2018,15:05,3.88
30/11/2018,21:38,1.53
01/12/2018,04:09,3.7
01/12/2018,10:01,2.27
01/12/2018,16:22,3.87
01/12/2018,22:52,1.46
02/12/2018,05:21,3.76
02/12/2018,11:16,2.15
02/12/2018,17:33,3.94
02/12/2018,23:53,1.37
03/12/2018,06:21,3.86
03/12/2018,12:14,1.95
03/12/2018,18:35,4.04
04/12/2018,00:44,1.28
04/12/2018,07:13,3.98
04/12/2018,13:02,1.74
04/12/2018,19:28,4.13
05/12/2018,01:26,1.24
05/12/2018,07:58,4.1
05/12/2018,13:44,1.56
05/12/2018,20:16,4.19
06/12/2018,02:05,1.23
06/12/2018,08:40,4.19
06/12/2018,14:24,1.41
06/12/2018,21:00,4.21
07/12/2018,02:41,1.27
07/12/2018,09:18,4.25
07/12/2018,15:02,1.32
07/12/2018,21:41,4.19
08/12/2018,03:16,1.35
08/12/2018,09:56,4.27
08/12/2018,15:39,1.3
08/12/2018,22:20,4.13
09/12/2018,03:50,1.46
09/12/2018,10:31,4.25
09/12/2018,16:15,1.34
09/12/2018,22:59,4.03
10/12/2018,04:24,1.61
10/12/2018,11:05,4.19
10/12/2018,16:51,1.43
10/12/2018,23:35,3.92
11/12/2018,04:58,1.77
11/12/2018,11:40,4.1
11/12/2018,17:27,1.55
12/12/2018,00:14,3.79
12/12/2018,05:33,1.94
12/12/2018,12:17,4
12/12/2018,18:06,1.69
13/12/2018,00:55,3.66
13/12/2018,06:11,2.12
13/12/2018,12:56,3.88
13/12/2018,18:51,1.84
14/12/2018,01:41,3.54
14/12/2018,06:57,2.29
14/12/2018,13:42,3.75
14/12/2018,19:47,1.97
15/12/2018,02:35,3.45
15/12/2018,07:57,2.43
15/12/2018,14:36,3.65
15/12/2018,20:59,2.04
16/12/2018,03:40,3.43
16/12/2018,09:16,2.48
16/12/2018,15:40,3.61
16/12/2018,22:12,2
17/12/2018,04:47,3.48
17/12/2018,10:33,2.4
17/12/2018,16:47,3.63
17/12/2018,23:14,1.88
18/12/2018,05:48,3.6
18/12/2018,11:37,2.21
18/12/2018,17:49,3.73
19/12/2018,00:06,1.7
19/12/2018,06:41,3.77
19/12/2018,12:29,1.97
19/12/2018,18:47,3.88
20/12/2018,00:51,1.52
20/12/2018,07:28,3.95
20/12/2018,13:15,1.7
20/12/2018,19:39,4.04
21/12/2018,01:35,1.34
21/12/2018,08:13,4.13
21/12/2018,13:59,1.41
21/12/2018,20:29,4.2
22/12/2018,02:17,1.2
22/12/2018,08:57,4.28
22/12/2018,14:44,1.16
22/12/2018,21:17,4.32
23/12/2018,03:01,1.13
23/12/2018,09:41,4.39
23/12/2018,15:29,0.95
23/12/2018,22:05,4.37
24/12/2018,03:46,1.14
24/12/2018,10:25,4.45
24/12/2018,16:16,0.83
24/12/2018,22:54,4.36
25/12/2018,04:31,1.23
25/12/2018,11:10,4.44
25/12/2018,17:04,0.81
25/12/2018,23:43,4.27
26/12/2018,05:17,1.4
26/12/2018,11:56,4.39
26/12/2018,17:55,0.88
27/12/2018,00:33,4.13
27/12/2018,06:05,1.61
27/12/2018,12:45,4.28
27/12/2018,18:50,1.04
28/12/2018,01:28,3.96
28/12/2018,06:57,1.84
28/12/2018,13:38,4.14
28/12/2018,19:54,1.24
29/12/2018,02:28,3.79
29/12/2018,07:59,2.05
29/12/2018,14:40,4
29/12/2018,21:05,1.43
30/12/2018,03:35,3.68
30/12/2018,09:14,2.18
30/12/2018,15:49,3.89
30/12/2018,22:16,1.55
31/12/2018,04:44,3.65
31/12/2018,10:35,2.19
31/12/2018,17:01,3.85
31/12/2018,23:23,1.61
